,02_Cascade_A#min_m__s75__seed123.mp3,02_Cascade_A#min_m__s75__seed7.mp3,03_Wraith_Amin_m__s75__seed123.mp3,03_Wraith_Amin_m__s75__seed7.mp3,05_Voltage_Cmin_m__s75__seed7.mp3,06_Solaris_C#min_m__s75__seed123.mp3,06_Solaris_C#min_m__s75__seed7.mp3,08_Mirage_Bmin_t__s75__seed7.mp3,09_Obsidian_Cmin_t__s75__seed123.mp3,09_Obsidian_Cmin_t__s75__seed7.mp3,09_Obsidian_F#min_m__s75__seed123.mp3,10_Cascade_Amin_t__s75__seed123.mp3,10_Cascade_Amin_t__s75__seed7.mp3,11_Wraith_Dmin_t__s75__seed123.mp3,13_Voltage_Bmin_m__s75__seed123.mp3,14_Solaris_A#min_m__s75__seed123.mp3,14_Solaris_A#min_m__s75__seed7.mp3,15_Velvet_Amin_m__s75__seed7.mp3,16_Mirage_C#min_t__s75__seed123.mp3,16_Mirage_Gmin_m__s75__seed123.mp3,18_Cascade_C#min_m__s75__seed7.mp3,19_Wraith_A#min_t__s75__seed123.mp3,19_Wraith_A#min_t__s75__seed7.mp3,19_Wraith_Emin_m__s75__seed7.mp3,20_Nocturne_Bmin_t__s75__seed123.mp3,20_Nocturne_Bmin_t__s75__seed7.mp3,22_Solaris_Amin_t__s75__seed123.mp3,22_Solaris_Amin_t__s75__seed7.mp3,26_Cascade_A#min_m__s75__seed123.mp3,26_Cascade_A#min_m__s75__seed7.mp3,26_Cascade_Emin_t__s75__seed123.mp3,28_Nocturne_C#min_t__s75__seed7.mp3,29_Voltage_Cmin_m__s75__seed123.mp3,29_Voltage_Cmin_m__s75__seed7.mp3,30_Solaris_C#min_m__s75__seed123.mp3,30_Solaris_C#min_m__s75__seed7.mp3,30_Solaris_Gmin_t__s75__seed123.mp3,31_Velvet_Bmin_t__s75__seed123.mp3,31_Velvet_Bmin_t__s75__seed7.mp3,32_Mirage_Cmin_t__s75__seed123.mp3,32_Mirage_Cmin_t__s75__seed7.mp3,33_Obsidian_Amin_t__s75__seed123.mp3,33_Obsidian_Amin_t__s75__seed7.mp3,33_Obsidian_D#min_m__s75__seed7.mp3,36_Nocturne_Bmin_m__s75__seed123.mp3,37_Voltage_A#min_m__s75__seed7.mp3,38_Solaris_Amin_m__s75__seed123.mp3,38_Solaris_Amin_m__s75__seed7.mp3,39_Velvet_C#min_t__s75__seed7.mp3,41_Obsidian_C#min_m__s75__seed123.mp3,42_Cascade_A#min_t__s75__seed7.mp3,43_Wraith_Bmin_t__s75__seed123.mp3,43_Wraith_Bmin_t__s75__seed7.mp3,45_Voltage_Amin_t__s75__seed123.mp3,45_Voltage_Amin_t__s75__seed7.mp3,45_Voltage_D#min_m__s75__seed123.mp3,45_Voltage_D#min_m__s75__seed7.mp3,48_Mirage_Bmin_m__s75__seed7.mp3,49_Obsidian_A#min_m__s75__seed7.mp3,50_Cascade_Amin_m__s75__seed123.mp3,50_Cascade_Amin_m__s75__seed7.mp3,50_Cascade_D#min_t__s75__seed123.mp3,50_Cascade_D#min_t__s75__seed7.mp3,51_Wraith_C#min_t__s75__seed123.mp3,52_Nocturne_Cmin_m__s75__seed123.mp3,55_Velvet_Bmin_t__s75__seed123.mp3,56_Mirage_Cmin_t__s75__seed7.mp3,57_Obsidian_Amin_t__s75__seed123.mp3,57_Obsidian_Amin_t__s75__seed7.mp3
02_Cascade_A#min_m__s75__seed123.mp3,100,91,21,15,26,34,28,24,29,28,38,19,25,49,17,84,86,23,37,41,33,83,80,13,36,29,15,14,69,77,9,32,22,31,30,27,37,30,34,43,40,28,27,68,57,77,9,15,32,31,73,61,36,8,18,51,64,37,82,16,14,75,75,33,31,44,36,26,30
02_Cascade_A#min_m__s75__seed7.mp3,91,100,24,17,31,37,30,18,32,21,34,22,29,47,15,82,85,22,32,35,34,78,78,12,28,22,17,17,79,72,16,33,26,34,28,28,36,25,25,45,46,32,31,69,39,80,7,18,32,32,78,55,28,12,18,52,66,32,74,18,15,77,71,33,36,48,43,28,29
03_Wraith_Amin_m__s75__seed123.mp3,21,24,100,66,24,28,34,47,30,34,36,64,58,50,44,20,23,71,32,44,33,21,19,55,31,39,63,61,26,26,60,34,20,25,38,43,30,40,39,32,33,58,61,27,34,24,70,67,39,38,24,40,42,57,55,31,30,45,25,64,67,21,15,27,38,55,27,53,71
03_Wraith_Amin_m__s75__seed7.mp3,15,17,66,100,28,27,34,45,38,51,34,62,59,50,42,14,12,69,35,44,33,17,14,50,28,38,62,70,19,23,56,41,25,25,38,40,35,38,36,40,32,62,66,19,32,17,70,65,40,37,24,42,40,72,72,25,22,44,17,63,65,14,10,32,33,51,30,55,61
05_Voltage_Cmin_m__s75__seed7.mp3,26,31,24,28,100,56,43,32,80,67,22,30,35,30,35,25,32,35,30,43,34,30,32,25,30,32,29,32,36,36,39,54,95,82,30,29,67,28,25,65,67,33,26,25,23,45,22,23,33,42,35,31,31,40,30,26,21,28,28,32,27,29,32,47,76,38,80,32,26
06_Solaris_C#min_m__s75__seed123.mp3,34,37,28,27,56,100,76,34,50,45,54,31,35,16,28,45,36,26,67,30,77,37,44,28,42,30,24,26,41,31,36,72,57,52,77,63,33,25,29,30,21,25,27,30,32,34,32,28,74,65,31,24,27,34,33,34,35,24,39,26,31,48,46,79,39,16,40,29,27
06_Solaris_C#min_m__s75__seed7.mp3,28,30,34,34,43,76,100,40,43,39,55,37,43,12,30,44,30,27,74,27,87,32,32,42,34,30,29,34,23,15,43,62,45,38,91,89,29,23,28,18,7,31,31,32,26,28,35,42,76,73,26,9,26,39,41,48,40,18,29,37,37,50,52,84,30,12,35,30,31
08_Mirage_Bmin_t__s75__seed7.mp3,24,18,47,45,32,34,40,100,41,53,48,49,31,28,81,23,11,35,49,58,36,18,19,83,76,88,32,30,20,14,45,28,27,19,33,60,51,73,68,18,10,30,24,34,73,20,38,36,41,36,20,29,100,42,37,49,44,58,23,29,42,31,37,35,26,32,36,28,29
09_Obsidian_Cmin_t__s75__seed123.mp3,29,32,30,38,80,50,43,41,100,77,28,31,30,45,43,32,37,39,35,60,30,28,33,32,41,41,28,31,29,32,28,51,80,68,29,31,70,35,32,61,60,35,25,31,34,41,24,31,32,40,30,37,39,35,28,35,23,41,32,31,33,29,34,44,73,41,78,36,32
09_Obsidian_Cmin_t__s75__seed7.mp3,28,21,34,51,67,45,39,53,77,100,38,32,23,50,50,23,24,41,37,74,33,26,25,38,57,55,27,42,23,23,26,39,67,58,32,30,63,43,46,56,48,29,18,25,43,31,34,32,33,37,21,40,52,34,30,26,20,46,38,32,36,23,27,43,61,40,62,30,34
09_Obsidian_F#min_m__s75__seed123.mp3,38,34,36,34,22,54,55,48,28,38,100,36,40,20,48,43,30,41,61,26,68,38,36,49,53,54,29,35,36,24,29,49,22,23,67,61,15,48,46,11,7,34,34,37,51,31,35,38,71,48,27,40,49,31,42,39,41,33,42,34,35,42,41,63,15,32,11,42,39
10_Cascade_Amin_t__s75__seed123.mp3,19,22,64,62,30,31,37,49,31,32,36,100,75,37,42,19,18,59,44,35,44,18,19,55,28,31,68,67,26,28,60,43,25,26,43,50,25,33,35,31,32,65,62,21,27,22,66,70,44,44,28,41,37,61,66,30,24,42,19,61,66,17,14,39,32,50,28,60,59
10_Cascade_Amin_t__s75__seed7.mp3,25,29,58,59,35,35,43,31,30,23,40,75,100,29,27,21,29,67,49,17,42,28,27,52,19,21,70,68,48,39,70,45,26,31,46,49,22,29,29,33,38,75,69,24,26,33,72,67,48,44,38,43,29,69,68,29,26,34,22,63,59,21,13,41,43,50,21,63,63
11_Wraith_Dmin_t__s75__seed123.mp3,49,47,50,50,30,16,12,28,45,50,20,37,29,100,18,36,46,42,13,74,11,38,37,17,32,24,47,48,38,48,22,27,30,35,19,19,56,20,23,60,60,48,44,28,27,40,48,51,16,18,37,65,41,32,38,18,19,53,46,52,52,23,22,6,43,60,48,45,50
13_Voltage_Bmin_m__s75__seed123.mp3,17,15,44,42,35,28,30,81,43,50,48,42,27,18,100,23,9,32,39,53,30,16,18,78,78,89,26,25,18,9,41,24,32,24,28,34,53,82,76,16,12,29,22,39,81,23,30,31,30,34,19,33,72,40,33,52,48,58,19,29,35,32,30,29,29,33,38,32,27
14_Solaris_A#min_m__s75__seed123.mp3,84,82,20,14,25,45,44,23,32,23,43,19,21,36,23,100,79,18,46,36,43,81,81,22,35,35,11,10,72,63,15,35,23,31,41,36,38,33,36,36,31,22,23,71,50,70,6,15,39,39,71,41,33,7,16,61,72,31,79,13,13,84,78,41,30,36,44,25,24
14_Solaris_A#min_m__s75__seed7.mp3,86,85,23,12,32,36,30,11,37,24,30,18,29,46,9,79,100,21,34,35,30,81,76,8,28,18,17,16,72,76,13,36,30,40,30,25,41,22,24,51,51,28,31,72,37,79,7,14,30,34,72,54,23,8,19,52,61,31,76,18,14,70,72,33,44,43,46,30,29
15_Velvet_Amin_m__s75__seed7.mp3,23,22,71,69,35,26,27,35,39,41,41,59,67,42,32,18,21,100,35,25,33,25,21,47,20,26,69,66,29,37,59,39,28,34,32,34,21,34,35,38,42,70,69,23,27,30,62,71,42,38,28,41,31,62,70,26,24,43,24,64,57,15,12,33,33,47,27,69,64
16_Mirage_C#min_t__s75__seed123.mp3,37,32,32,35,30,67,74,49,35,37,61,44,49,13,39,46,34,35,100,28,76,41,39,55,46,42,30,32,34,28,41,65,27,24,73,78,20,37,43,14,3,35,35,33,42,29,39,37,79,65,25,22,41,41,45,36,36,31,47,33,42,46,49,82,19,15,18,35,32
16_Mirage_Gmin_m__s75__seed123.mp3,41,35,44,44,43,30,27,58,60,74,26,35,17,74,53,36,35,25,28,100,20,31,29,39,58,53,29,37,25,27,16,28,42,34,23,25,81,40,43,47,41,38,19,34,46,35,40,47,23,29,29,48,53,30,29,33,29,53,44,43,48,36,36,19,41,52,67,30,32
18_Cascade_C#min_m__s75__seed7.mp3,33,34,33,33,34,77,87,36,30,33,68,44,42,11,30,43,30,33,76,20,100,33,39,45,40,34,37,37,30,20,40,62,32,29,88,77,18,27,32,12,2,32,34,28,33,25,41,41,92,67,27,21,29,41,48,34,46,18,35,42,42,50,44,82,18,14,17,31,32
19_Wraith_A#min_t__s75__seed123.mp3,83,78,21,17,30,37,32,18,28,26,38,18,28,38,16,81,81,25,41,31,33,100,79,15,34,25,21,18,76,71,18,33,24,35,33,30,33,29,34,48,42,30,32,69,46,72,12,19,34,34,74,50,32,10,23,56,60,31,84,19,17,76,71,36,37,40,40,28,28
19_Wraith_A#min_t__s75__seed7.mp3,80,78,19,14,32,44,32,19,33,25,36,19,27,37,18,81,76,21,39,29,39,79,100,14,35,33,17,18,87,77,18,34,32,38,29,25,35,28,33,55,51,22,27,64,48,72,10,15,35,31,76,57,30,13,18,51,64,30,72,16,16,77,67,33,41,40,42,25,27
19_Wraith_Emin_m__s75__seed7.mp3,13,12,55,50,25,28,42,83,32,38,49,55,52,17,78,22,8,47,55,39,45,15,14,100,66,75,41,40,21,12,64,30,19,15,45,53,33,72,67,9,4,43,37,33,65,17,48,51,46,40,21,26,76,58,49,45,41,51,16,44,50,26,27,40,21,36,25,39,37
20_Nocturne_Bmin_t__s75__seed123.mp3,36,28,31,28,30,42,34,76,41,57,53,28,19,32,78,35,28,20,46,58,40,34,35,66,100,88,17,18,34,24,25,23,30,23,29,36,45,71,71,24,17,15,10,45,79,34,21,21,36,33,30,43,74,26,17,49,50,58,42,14,30,44,40,37,29,30,39,16,21
20_Nocturne_Bmin_t__s75__seed7.mp3,29,22,39,38,32,30,30,88,41,55,54,31,21,24,89,35,18,26,42,53,34,25,33,75,88,100,18,19,29,19,28,21,27,20,23,33,46,80,78,22,15,17,12,46,84,30,25,22,32,30,26,37,83,30,21,54,56,58,33,19,24,39,38,29,30,31,33,18,19
22_Solaris_Amin_t__s75__seed123.mp3,15,17,63,62,29,24,29,32,28,27,29,68,70,47,26,11,17,69,30,29,37,21,17,41,17,18,100,84,30,35,72,41,23,31,40,41,22,24,28,42,49,66,68,21,16,24,84,83,37,37,36,37,33,63,66,22,19,34,15,76,70,12,8,27,38,52,25,62,73
22_Solaris_Amin_t__s75__seed7.mp3,14,17,61,70,32,26,34,30,31,42,35,67,68,48,25,10,16,66,32,37,37,18,18,40,18,19,84,100,29,35,65,43,27,30,39,39,23,23,27,47,50,68,70,17,14,22,77,78,38,39,29,38,32,67,65,16,15,36,19,71,67,11,8,30,42,53,27,65,73
26_Cascade_A#min_m__s75__seed123.mp3,69,79,26,19,36,41,23,20,29,23,36,26,48,38,18,72,72,29,34,25,30,76,87,21,34,29,30,29,100,81,30,32,28,37,21,26,36,29,34,56,55,34,33,59,44,68,23,23,32,29,80,61,33,27,24,49,53,35,64,23,23,69,59,29,48,47,41,32,34
26_Cascade_A#min_m__s75__seed7.mp3,77,72,26,23,36,31,15,14,32,23,24,28,39,48,9,63,76,37,28,27,20,71,77,12,24,19,35,35,81,100,26,31,35,45,14,21,33,22,25,68,71,35,40,60,30,76,22,24,21,22,74,72,31,26,27,43,50,35,67,30,19,59,59,19,51,56,45,38,41
26_Cascade_Emin_t__s75__seed123.mp3,9,16,60,56,39,36,43,45,28,26,29,60,70,22,41,15,13,59,41,16,40,18,18,64,25,28,72,65,30,26,100,47,30,35,40,44,27,41,42,33,35,57,61,29,26,19,70,67,37,41,30,25,39,70,60,36,35,35,11,60,55,22,16,36,36,40,30,57,55
28_Nocturne_C#min_t__s75__seed7.mp3,32,33,34,41,54,72,62,28,51,39,49,43,45,27,24,35,36,39,65,28,62,33,34,30,23,21,41,43,32,31,47,100,54,52,64,58,26,24,25,35,29,41,42,28,20,34,45,46,61,58,30,28,25,51,45,30,27,26,31,43,41,32,36,72,39,28,39,46,42
29_Voltage_Cmin_m__s75__seed123.mp3,22,26,20,25,95,57,45,27,80,67,22,25,26,30,32,23,30,28,27,42,32,24,32,19,30,27,23,27,28,35,30,54,100,93,30,29,65,25,19,70,73,27,22,22,20,41,17,18,29,40,28,34,28,36,24,22,16,26,25,28,24,24,26,44,81,40,80,28,23
29_Voltage_Cmin_m__s75__seed7.mp3,31,34,25,25,82,52,38,19,68,58,23,26,31,35,24,31,40,34,24,34,29,35,38,15,23,20,31,30,37,45,35,52,93,100,28,27,53,22,20,69,76,37,31,28,17,47,20,24,25,38,37,44,25,35,28,23,21,27,36,31,25,25,25,39,77,47,73,36,32
30_Solaris_C#min_m__s75__seed123.mp3,30,28,38,38,30,77,91,33,29,32,67,43,46,19,28,41,30,32,73,23,88,33,29,45,29,23,40,39,21,14,40,64,30,28,100,88,22,22,24,6,0,38,38,30,27,23,45,48,84,66,21,17,25,38,48,40,35,15,29,46,46,52,48,84,18,16,21,34,34
30_Solaris_C#min_m__s75__seed7.mp3,27,28,43,40,29,63,89,60,31,30,61,50,49,19,34,36,25,34,78,25,77,30,25,53,36,33,41,39,26,21,44,58,29,27,88,100,21,27,28,11,4,41,41,31,32,21,47,50,79,63,23,17,45,41,46,42,43,20,29,44,45,47,48,77,16,17,19,33,35
30_Solaris_Gmin_t__s75__seed123.mp3,37,36,30,35,67,33,29,51,70,63,15,25,22,56,53,38,41,21,20,81,18,33,35,33,45,46,22,23,36,33,27,26,65,53,22,21,100,39,38,55,54,28,19,40,43,46,28,24,15,27,41,39,47,37,23,42,34,45,34,34,36,45,42,19,62,39,77,29,24
31_Velvet_Bmin_t__s75__seed123.mp3,30,25,40,38,28,25,23,73,35,43,48,33,29,20,82,33,22,34,37,40,27,29,28,72,71,80,24,23,29,22,41,24,25,22,22,27,39,100,76,18,14,30,28,47,76,30,26,26,29,35,29,35,68,38,32,54,52,59,29,23,29,35,35,28,24,36,31,34,26
31_Velvet_Bmin_t__s75__seed7.mp3,34,25,39,36,25,29,28,68,32,46,46,35,29,23,76,36,24,35,43,43,32,34,33,67,71,78,28,27,34,25,42,25,19,20,24,28,38,76,100,18,12,25,25,45,72,33,29,28,30,32,31,31,66,37,33,50,49,60,36,25,30,39,39,30,26,33,27,30,31
32_Mirage_Cmin_t__s75__seed123.mp3,43,45,32,40,65,30,18,18,61,56,11,31,33,60,16,36,51,38,14,47,12,48,55,9,24,22,42,47,56,68,33,35,70,69,6,11,55,18,18,100,93,41,38,34,21,58,31,33,9,22,55,63,31,34,31,31,28,38,52,43,33,29,26,12,77,63,69,40,39
32_Mirage_Cmin_t__s75__seed7.mp3,40,46,33,32,67,21,7,10,60,48,7,32,38,60,12,31,51,42,3,41,2,42,51,4,17,15,49,50,55,71,35,29,73,76,0,4,54,14,12,93,100,43,41,30,11,60,31,32,2,14,54,67,28,36,32,17,20,35,46,46,33,23,18,3,80,68,71,44,42
33_Obsidian_Amin_t__s75__seed123.mp3,28,32,58,62,33,25,31,30,35,29,34,65,75,48,29,22,28,70,35,38,32,30,22,43,15,17,66,68,34,35,57,41,27,37,38,41,28,30,25,41,43,100,72,21,27,31,62,70,37,35,33,45,33,65,65,20,22,40,26,69,61,13,14,27,40,61,31,89,73
33_Obsidian_Amin_t__s75__seed7.mp3,27,31,61,66,26,27,31,24,25,18,34,62,69,44,22,23,31,69,35,19,34,32,27,37,10,12,68,70,33,40,61,42,22,31,38,41,19,28,25,38,41,72,100,28,21,31,66,64,41,38,35,43,25,59,76,19,23,40,25,66,59,15,14,30,37,61,24,72,80
33_Obsidian_D#min_m__s75__seed7.mp3,68,69,27,19,25,30,32,34,31,25,37,21,24,28,39,71,72,23,33,34,28,69,64,33,45,46,21,17,59,60,29,28,22,28,30,31,40,47,45,34,30,21,28,100,59,66,14,19,24,39,67,31,40,15,20,78,80,38,62,17,19,82,77,27,30,37,43,29,25
36_Nocturne_Bmin_m__s75__seed123.mp3,57,39,34,32,23,32,26,73,34,43,51,27,26,27,81,50,37,27,42,46,33,46,48,65,79,84,16,14,44,30,26,20,20,17,27,32,43,76,72,21,11,27,21,59,100,38,20,20,35,30,42,42,76,22,24,62,62,58,45,17,26,51,48,31,24,42,31,24,22
37_Voltage_A#min_m__s75__seed7.mp3,77,80,24,17,45,34,28,20,41,31,31,22,33,40,23,70,79,30,29,35,25,72,72,17,34,30,24,22,68,76,19,34,41,47,23,21,46,30,33,58,60,31,31,66,38,100,11,16,23,27,74,57,29,20,19,52,59,32,71,21,17,65,63,26,51,47,49,33,31
38_Solaris_Amin_m__s75__seed123.mp3,9,7,70,70,22,32,35,38,24,34,35,66,72,48,30,6,7,62,39,40,41,12,10,48,21,25,84,77,23,22,70,45,17,20,45,47,28,26,29,31,31,62,66,14,20,11,100,80,42,40,25,29,33,66,74,23,16,35,13,79,74,10,8,35,30,47,23,60,67
38_Solaris_Amin_m__s75__seed7.mp3,15,18,67,65,23,28,42,36,31,32,38,70,67,51,31,15,14,71,37,47,41,19,15,51,21,22,83,78,23,24,67,46,18,24,48,50,24,26,28,33,32,70,64,19,20,16,80,100,45,38,27,37,36,62,64,23,20,37,20,75,69,14,15,32,28,58,26,64,75
39_Velvet_C#min_t__s75__seed7.mp3,32,32,39,40,33,74,76,41,32,33,71,44,48,16,30,39,30,42,79,23,92,34,35,46,36,32,37,38,32,21,37,61,29,25,84,79,15,29,30,9,2,37,41,24,35,23,42,45,100,63,21,25,30,42,62,34,40,20,38,41,47,45,48,91,16,20,16,37,38
41_Obsidian_C#min_m__s75__seed123.mp3,31,32,38,37,42,65,73,36,40,37,48,44,44,18,34,39,34,38,65,29,67,34,31,40,33,30,37,39,29,22,41,58,40,38,66,63,27,35,32,22,14,35,38,39,30,27,40,38,63,100,28,12,28,40,41,42,42,30,31,37,37,44,45,70,30,16,34,38,36
42_Cascade_A#min_t__s75__seed7.mp3,73,78,24,24,35,31,26,20,30,21,27,28,38,37,19,71,72,28,25,29,27,74,76,21,30,26,36,29,80,74,30,30,28,37,21,23,41,29,31,55,54,33,35,67,42,74,25,27,21,28,100,51,35,19,30,59,62,31,63,21,22,74,67,21,44,51,48,29,32
43_Wraith_Bmin_t__s75__seed123.mp3,61,55,40,42,31,24,9,29,37,40,40,41,43,65,33,41,54,41,22,48,21,50,57,26,43,37,37,38,61,72,25,28,34,44,17,17,39,35,31,63,67,45,43,31,42,57,29,37,25,12,51,100,47,40,37,18,32,44,56,45,35,28,25,12,48,78,39,44,46
43_Wraith_Bmin_t__s75__seed7.mp3,36,28,42,40,31,27,26,100,39,52,49,37,29,41,72,33,23,31,41,53,29,32,30,76,74,83,33,32,33,31,39,25,28,25,25,45,47,68,66,31,28,33,25,40,76,29,33,36,30,28,35,47,100,36,30,44,45,57,37,32,39,34,38,28,31,43,33,31,34
45_Voltage_Amin_t__s75__seed123.mp3,8,12,57,72,40,34,39,42,35,34,31,61,69,32,40,7,8,62,41,30,41,10,13,58,26,30,63,67,27,26,70,51,36,35,38,41,37,38,37,34,36,65,59,15,22,20,66,62,42,40,19,40,36,100,74,21,16,40,7,66,65,7,6,34,43,45,34,65,58
45_Voltage_Amin_t__s75__seed7.mp3,18,18,55,72,30,33,41,37,28,30,42,66,68,38,33,16,19,70,45,29,48,23,18,49,17,21,66,65,24,27,60,45,24,28,48,46,23,32,33,31,32,65,76,20,24,19,74,64,62,41,30,37,30,74,100,21,22,37,17,66,69,15,14,42,31,50,34,65,63
45_Voltage_D#min_m__s75__seed123.mp3,51,52,31,25,26,34,48,49,35,26,39,30,29,18,52,61,52,26,36,33,34,56,51,45,49,54,22,16,49,43,36,30,22,23,40,42,42,54,50,31,17,20,19,78,62,52,23,23,34,42,59,18,44,21,21,100,91,38,44,11,19,75,77,33,26,29,39,24,21
45_Voltage_D#min_m__s75__seed7.mp3,64,66,30,22,21,35,40,44,23,20,41,24,26,19,48,72,61,24,36,29,46,60,64,41,50,56,19,15,53,50,35,27,16,21,35,43,34,52,49,28,20,22,23,80,62,59,16,20,40,42,62,32,45,16,22,91,100,37,58,11,18,83,75,29,25,30,35,26,23
48_Mirage_Bmin_m__s75__seed7.mp3,37,32,45,44,28,24,18,58,41,46,33,42,34,53,58,31,31,43,31,53,18,31,30,51,58,58,34,36,35,35,35,26,26,27,15,20,45,59,60,38,35,40,40,38,58,32,35,37,20,30,31,44,57,40,37,38,37,100,36,33,40,25,25,20,38,44,40,41,44
49_Obsidian_A#min_m__s75__seed7.mp3,82,74,25,17,28,39,29,23,32,38,42,19,22,46,19,79,76,24,47,44,35,84,72,16,42,33,15,19,64,67,11,31,25,36,29,29,34,29,36,52,46,26,25,62,45,71,13,20,38,31,63,56,37,7,17,44,58,36,100,17,13,67,64,38,41,44,39,24,27
50_Cascade_Amin_m__s75__seed123.mp3,16,18,64,63,32,26,37,29,31,32,34,61,63,52,29,13,18,64,33,43,42,19,16,44,14,19,76,71,23,30,60,43,28,31,46,44,34,23,25,43,46,69,66,17,17,21,79,75,41,37,21,45,32,66,66,11,11,33,17,100,79,11,10,31,36,53,30,68,64
50_Cascade_Amin_m__s75__seed7.mp3,14,15,67,65,27,31,37,42,33,36,35,66,59,52,35,13,14,57,42,48,42,17,16,50,30,24,70,67,23,19,55,41,24,25,46,45,36,29,30,33,33,61,59,19,26,17,74,69,47,37,22,35,39,65,69,19,18,40,13,79,100,11,13,32,31,42,32,59,58
50_Cascade_D#min_t__s75__seed123.mp3,75,77,21,14,29,48,50,31,29,23,42,17,21,23,32,84,70,15,46,36,50,76,77,26,44,39,12,11,69,59,22,32,24,25,52,47,45,35,39,29,23,13,15,82,51,65,10,14,45,44,74,28,34,7,15,75,83,25,67,11,11,100,93,45,26,28,41,15,16
50_Cascade_D#min_t__s75__seed7.mp3,75,71,15,10,32,46,52,37,34,27,41,14,13,22,30,78,72,12,49,36,44,71,67,27,40,38,8,8,59,59,16,36,26,25,48,48,42,35,39,26,18,14,14,77,48,63,8,15,48,45,67,25,38,6,14,77,75,25,64,10,13,93,100,51,25,21,41,16,13
51_Wraith_C#min_t__s75__seed123.mp3,33,33,27,32,47,79,84,35,44,43,63,39,41,6,29,41,33,33,82,19,82,36,33,40,37,29,27,30,29,19,36,72,44,39,84,77,19,28,30,12,3,27,30,27,31,26,35,32,91,70,21,12,28,34,42,33,29,20,38,31,32,45,51,100,24,12,26,38,31
52_Nocturne_Cmin_m__s75__seed123.mp3,31,36,38,33,76,39,30,26,73,61,15,32,43,43,29,30,44,33,19,41,18,37,41,21,29,30,38,42,48,51,36,39,81,77,18,16,62,24,26,77,80,40,37,30,24,51,30,28,16,30,44,48,31,43,31,26,25,38,41,36,31,26,25,24,100,49,72,40,39
55_Velvet_Bmin_t__s75__seed123.mp3,44,48,55,51,38,16,12,32,41,40,32,50,50,60,33,36,43,47,15,52,14,40,40,36,30,31,52,53,47,56,40,28,40,47,16,17,39,36,33,63,68,61,61,37,42,47,47,58,20,16,51,78,43,45,50,29,30,44,44,53,42,28,21,12,49,100,52,66,60
56_Mirage_Cmin_t__s75__seed7.mp3,36,43,27,30,80,40,35,36,78,62,11,28,21,48,38,44,46,27,18,67,17,40,42,25,39,33,25,27,41,45,30,39,80,73,21,19,77,31,27,69,71,31,24,43,31,49,23,26,16,34,48,39,33,34,34,39,35,40,39,30,32,41,41,26,72,52,100,33,28
57_Obsidian_Amin_t__s75__seed123.mp3,26,28,53,55,32,29,30,28,36,30,42,60,63,45,32,25,30,69,35,30,31,28,25,39,16,18,62,65,32,38,57,46,28,36,34,33,29,34,30,40,44,89,72,29,24,33,60,64,37,38,29,44,31,65,65,24,26,41,24,68,59,15,16,38,40,66,33,100,79
57_Obsidian_Amin_t__s75__seed7.mp3,30,29,71,61,26,27,31,29,32,34,39,59,63,50,27,24,29,64,32,32,32,28,27,37,21,19,73,73,34,41,55,42,23,32,34,35,24,26,31,39,42,73,80,25,22,31,67,75,38,36,32,46,34,58,63,21,23,44,27,64,58,16,13,31,39,60,28,79,100
