file,condition,key,bpm,title,seed,prompt,init_loop,init_path
001__matched__Cmin_155__ACTiVE__seed7.wav,matched,Cmin,155,ACTiVE,7,15. cKz! ACTiVE Cmin 155 bpm @crushed_keyz x @justryda,Cymatics - Dragon Nostalgic Loop - Renaissance - 128 BPM C Min.wav,/Users/mikemcgovern/Documents/SoundSauce/Melody_Loops/Cymatics - Dragon Pt. 3/Nostalgic/Cymatics - Dragon Nostalgic Loop - Renaissance - 128 BPM C Min.wav
002__matched__Cmin_155__ACTiVE__seed123.wav,matched,Cmin,155,ACTiVE,123,15. cKz! ACTiVE Cmin 155 bpm @crushed_keyz x @justryda,Cymatics - Dragon Nostalgic Loop - Renaissance - 128 BPM C Min.wav,/Users/mikemcgovern/Documents/SoundSauce/Melody_Loops/Cymatics - Dragon Pt. 3/Nostalgic/Cymatics - Dragon Nostalgic Loop - Renaissance - 128 BPM C Min.wav
003__offkey__Cmin_155__ACTiVE__seed7.wav,offkey,Cmin,155,ACTiVE,7,15. cKz! ACTiVE Cmin 155 bpm @crushed_keyz x @justryda,Cymatics - Oracle Sad Melody Loop 4 - 130 BPM F# Min.wav,/Users/mikemcgovern/Documents/SoundSauce/Melody_Loops/Cymatics Oracle/Melodies/Cymatics - Oracle Sad Melody Loop 4 - 130 BPM F# Min.wav
004__offkey__Cmin_155__ACTiVE__seed123.wav,offkey,Cmin,155,ACTiVE,123,15. cKz! ACTiVE Cmin 155 bpm @crushed_keyz x @justryda,Cymatics - Oracle Sad Melody Loop 4 - 130 BPM F# Min.wav,/Users/mikemcgovern/Documents/SoundSauce/Melody_Loops/Cymatics Oracle/Melodies/Cymatics - Oracle Sad Melody Loop 4 - 130 BPM F# Min.wav
005__noinit__Cmin_155__ACTiVE__seed7.wav,noinit,Cmin,155,ACTiVE,7,15. cKz! ACTiVE Cmin 155 bpm @crushed_keyz x @justryda,,
006__noinit__Cmin_155__ACTiVE__seed123.wav,noinit,Cmin,155,ACTiVE,123,15. cKz! ACTiVE Cmin 155 bpm @crushed_keyz x @justryda,,
007__matched__C#min_140__JUNGLE__seed7.wav,matched,C#min,140,JUNGLE,7,10. cKz! JUNGLE C#min 140 bpm @crushed_keyz,Cymatics - Dragon R&B Loop - Dawn To Dusk - 136 BPM C# Min.wav,/Users/mikemcgovern/Documents/SoundSauce/Melody_Loops/Cymatics - Dragon Pt. 4/R&B/Cymatics - Dragon R&B Loop - Dawn To Dusk - 136 BPM C# Min.wav
008__matched__C#min_140__JUNGLE__seed123.wav,matched,C#min,140,JUNGLE,123,10. cKz! JUNGLE C#min 140 bpm @crushed_keyz,Cymatics - Dragon R&B Loop - Dawn To Dusk - 136 BPM C# Min.wav,/Users/mikemcgovern/Documents/SoundSauce/Melody_Loops/Cymatics - Dragon Pt. 4/R&B/Cymatics - Dragon R&B Loop - Dawn To Dusk - 136 BPM C# Min.wav
009__offkey__C#min_140__JUNGLE__seed7.wav,offkey,C#min,140,JUNGLE,7,10. cKz! JUNGLE C#min 140 bpm @crushed_keyz,Cymatics - Dragon Dark Loop - Power - 136 BPM G Min.wav,/Users/mikemcgovern/Documents/SoundSauce/Melody_Loops/Cymatics_Dragon_1/Dark/Cymatics - Dragon Dark Loop - Power - 136 BPM G Min.wav
010__offkey__C#min_140__JUNGLE__seed123.wav,offkey,C#min,140,JUNGLE,123,10. cKz! JUNGLE C#min 140 bpm @crushed_keyz,Cymatics - Dragon Dark Loop - Power - 136 BPM G Min.wav,/Users/mikemcgovern/Documents/SoundSauce/Melody_Loops/Cymatics_Dragon_1/Dark/Cymatics - Dragon Dark Loop - Power - 136 BPM G Min.wav
011__noinit__C#min_140__JUNGLE__seed7.wav,noinit,C#min,140,JUNGLE,7,10. cKz! JUNGLE C#min 140 bpm @crushed_keyz,,
012__noinit__C#min_140__JUNGLE__seed123.wav,noinit,C#min,140,JUNGLE,123,10. cKz! JUNGLE C#min 140 bpm @crushed_keyz,,
013__matched__Dmin_135__ICE__seed7.wav,matched,Dmin,135,ICE,7,2. cKz! ICE Dmin 135 bpm @crushed_keyz,Cymatics - Dragon Dark Loop - Mortals - 140 BPM D Min.wav,/Users/mikemcgovern/Documents/SoundSauce/Melody_Loops/Cymatics_Dragon_1/Dark/Cymatics - Dragon Dark Loop - Mortals - 140 BPM D Min.wav
014__matched__Dmin_135__ICE__seed123.wav,matched,Dmin,135,ICE,123,2. cKz! ICE Dmin 135 bpm @crushed_keyz,Cymatics - Dragon Dark Loop - Mortals - 140 BPM D Min.wav,/Users/mikemcgovern/Documents/SoundSauce/Melody_Loops/Cymatics_Dragon_1/Dark/Cymatics - Dragon Dark Loop - Mortals - 140 BPM D Min.wav
015__offkey__Dmin_135__ICE__seed7.wav,offkey,Dmin,135,ICE,7,2. cKz! ICE Dmin 135 bpm @crushed_keyz,Cymatics - Dragon Orchestral Loop - Crossover - 150 BPM G# Min.wav,/Users/mikemcgovern/Documents/SoundSauce/Melody_Loops/Cymatics - Dragon Pt. 3/Orchestral/Cymatics - Dragon Orchestral Loop - Crossover - 150 BPM G# Min.wav
016__offkey__Dmin_135__ICE__seed123.wav,offkey,Dmin,135,ICE,123,2. cKz! ICE Dmin 135 bpm @crushed_keyz,Cymatics - Dragon Orchestral Loop - Crossover - 150 BPM G# Min.wav,/Users/mikemcgovern/Documents/SoundSauce/Melody_Loops/Cymatics - Dragon Pt. 3/Orchestral/Cymatics - Dragon Orchestral Loop - Crossover - 150 BPM G# Min.wav
017__noinit__Dmin_135__ICE__seed7.wav,noinit,Dmin,135,ICE,7,2. cKz! ICE Dmin 135 bpm @crushed_keyz,,
018__noinit__Dmin_135__ICE__seed123.wav,noinit,Dmin,135,ICE,123,2. cKz! ICE Dmin 135 bpm @crushed_keyz,,
019__matched__D#min_190__BreakUp_NAV_st__seed7.wav,matched,D#min,190,BreakUp NAV starter,7,8. cKz! BreakUp NAV starter D#min 190 bpm @crushed_keyz @bass._charity,Cymatics - Cobra Melody Loop 13 - 140 BPM D# Min.wav,/Users/mikemcgovern/Documents/SoundSauce/Melody_Loops/Cymatics Cobra - Melodics/Melody Loops/Cymatics - Cobra Melody Loop 13 - 140 BPM D# Min.wav
020__matched__D#min_190__BreakUp_NAV_st__seed123.wav,matched,D#min,190,BreakUp NAV starter,123,8. cKz! BreakUp NAV starter D#min 190 bpm @crushed_keyz @bass._charity,Cymatics - Cobra Melody Loop 13 - 140 BPM D# Min.wav,/Users/mikemcgovern/Documents/SoundSauce/Melody_Loops/Cymatics Cobra - Melodics/Melody Loops/Cymatics - Cobra Melody Loop 13 - 140 BPM D# Min.wav
021__offkey__D#min_190__BreakUp_NAV_st__seed7.wav,offkey,D#min,190,BreakUp NAV starter,7,8. cKz! BreakUp NAV starter D#min 190 bpm @crushed_keyz @bass._charity,Cymatics - 2020 Nostalgic Melody Loop 10 - 160 BPM A Min.wav,/Users/mikemcgovern/Documents/SoundSauce/Melody_Loops/Cymatics_2020_Melody_Collection/Cymatics - 2020 Nostalgic Melody Loop 10 - 160 BPM A Min.wav
022__offkey__D#min_190__BreakUp_NAV_st__seed123.wav,offkey,D#min,190,BreakUp NAV starter,123,8. cKz! BreakUp NAV starter D#min 190 bpm @crushed_keyz @bass._charity,Cymatics - 2020 Nostalgic Melody Loop 10 - 160 BPM A Min.wav,/Users/mikemcgovern/Documents/SoundSauce/Melody_Loops/Cymatics_2020_Melody_Collection/Cymatics - 2020 Nostalgic Melody Loop 10 - 160 BPM A Min.wav
023__noinit__D#min_190__BreakUp_NAV_st__seed7.wav,noinit,D#min,190,BreakUp NAV starter,7,8. cKz! BreakUp NAV starter D#min 190 bpm @crushed_keyz @bass._charity,,
024__noinit__D#min_190__BreakUp_NAV_st__seed123.wav,noinit,D#min,190,BreakUp NAV starter,123,8. cKz! BreakUp NAV starter D#min 190 bpm @crushed_keyz @bass._charity,,
025__matched__Emin_140__DreamDoor__seed7.wav,matched,Emin,140,DreamDoor,7,19. cKz! DreamDoor Emin 140 bpm @crushed_keyz x @bass._charity,Cymatics - Oracle Various Melody Loop 15 - 150 BPM E Min.wav,/Users/mikemcgovern/Documents/SoundSauce/Melody_Loops/Cymatics Oracle/Melodies/Cymatics - Oracle Various Melody Loop 15 - 150 BPM E Min.wav
026__matched__Emin_140__DreamDoor__seed123.wav,matched,Emin,140,DreamDoor,123,19. cKz! DreamDoor Emin 140 bpm @crushed_keyz x @bass._charity,Cymatics - Oracle Various Melody Loop 15 - 150 BPM E Min.wav,/Users/mikemcgovern/Documents/SoundSauce/Melody_Loops/Cymatics Oracle/Melodies/Cymatics - Oracle Various Melody Loop 15 - 150 BPM E Min.wav
027__offkey__Emin_140__DreamDoor__seed7.wav,offkey,Emin,140,DreamDoor,7,19. cKz! DreamDoor Emin 140 bpm @crushed_keyz x @bass._charity,Cymatics - Dragon Platinum Ethnic Loop - The Future - 144 BPM A# Min.wav,/Users/mikemcgovern/Documents/SoundSauce/Melody_Loops/Cymatics_Dragon_Platinum_Expansion/Cymatics - Dragon Platinum Ethnic Loop - The Future - 144 BPM A# Min.wav
028__offkey__Emin_140__DreamDoor__seed123.wav,offkey,Emin,140,DreamDoor,123,19. cKz! DreamDoor Emin 140 bpm @crushed_keyz x @bass._charity,Cymatics - Dragon Platinum Ethnic Loop - The Future - 144 BPM A# Min.wav,/Users/mikemcgovern/Documents/SoundSauce/Melody_Loops/Cymatics_Dragon_Platinum_Expansion/Cymatics - Dragon Platinum Ethnic Loop - The Future - 144 BPM A# Min.wav
029__noinit__Emin_140__DreamDoor__seed7.wav,noinit,Emin,140,DreamDoor,7,19. cKz! DreamDoor Emin 140 bpm @crushed_keyz x @bass._charity,,
030__noinit__Emin_140__DreamDoor__seed123.wav,noinit,Emin,140,DreamDoor,123,19. cKz! DreamDoor Emin 140 bpm @crushed_keyz x @bass._charity,,
031__matched__Fmin_110__Steppa__seed7.wav,matched,Fmin,110,Steppa,7,9. cKz! Steppa Fmin 110 bpm @crushed_keyz,Cymatics - Dragon Nostalgic Loop - Endless - 130 BPM F Min.wav,/Users/mikemcgovern/Documents/SoundSauce/Melody_Loops/Cymatics - Dragon Pt. 3/Nostalgic/Cymatics - Dragon Nostalgic Loop - Endless - 130 BPM F Min.wav
032__matched__Fmin_110__Steppa__seed123.wav,matched,Fmin,110,Steppa,123,9. cKz! Steppa Fmin 110 bpm @crushed_keyz,Cymatics - Dragon Nostalgic Loop - Endless - 130 BPM F Min.wav,/Users/mikemcgovern/Documents/SoundSauce/Melody_Loops/Cymatics - Dragon Pt. 3/Nostalgic/Cymatics - Dragon Nostalgic Loop - Endless - 130 BPM F Min.wav
033__offkey__Fmin_110__Steppa__seed7.wav,offkey,Fmin,110,Steppa,7,9. cKz! Steppa Fmin 110 bpm @crushed_keyz,Cymatics - Dragon Platinum Dark Loop - Vengeance - 110 BPM B Min.wav,/Users/mikemcgovern/Documents/SoundSauce/Melody_Loops/Cymatics_Dragon_Platinum_Expansion/Cymatics - Dragon Platinum Dark Loop - Vengeance - 110 BPM B Min.wav
034__offkey__Fmin_110__Steppa__seed123.wav,offkey,Fmin,110,Steppa,123,9. cKz! Steppa Fmin 110 bpm @crushed_keyz,Cymatics - Dragon Platinum Dark Loop - Vengeance - 110 BPM B Min.wav,/Users/mikemcgovern/Documents/SoundSauce/Melody_Loops/Cymatics_Dragon_Platinum_Expansion/Cymatics - Dragon Platinum Dark Loop - Vengeance - 110 BPM B Min.wav
035__noinit__Fmin_110__Steppa__seed7.wav,noinit,Fmin,110,Steppa,7,9. cKz! Steppa Fmin 110 bpm @crushed_keyz,,
036__noinit__Fmin_110__Steppa__seed123.wav,noinit,Fmin,110,Steppa,123,9. cKz! Steppa Fmin 110 bpm @crushed_keyz,,
037__matched__F#min_105__No_tE_VAYAS__seed7.wav,matched,F#min,105,No tE VAYAS,7,1. cKz! No tE VAYAS Fsharpmin 105 bpm @crushed_keyz 1,Cymatics - Oracle Dark Melody Loop 2 - 105 BPM F# Min Bell.wav,/Users/mikemcgovern/Documents/SoundSauce/Melody_Loops/Cymatics Oracle/Stems/Cymatics - Oracle Dark Melody Loop 2 - 105 BPM F# Min Stems/Cymatics - Oracle Dark Melody Loop 2 - 105 BPM F# Min Bell.wav
038__matched__F#min_105__No_tE_VAYAS__seed123.wav,matched,F#min,105,No tE VAYAS,123,1. cKz! No tE VAYAS Fsharpmin 105 bpm @crushed_keyz 1,Cymatics - Oracle Dark Melody Loop 2 - 105 BPM F# Min Bell.wav,/Users/mikemcgovern/Documents/SoundSauce/Melody_Loops/Cymatics Oracle/Stems/Cymatics - Oracle Dark Melody Loop 2 - 105 BPM F# Min Stems/Cymatics - Oracle Dark Melody Loop 2 - 105 BPM F# Min Bell.wav
039__offkey__F#min_105__No_tE_VAYAS__seed7.wav,offkey,F#min,105,No tE VAYAS,7,1. cKz! No tE VAYAS Fsharpmin 105 bpm @crushed_keyz 1,Cymatics - Oracle West Coast Melody Loop 6 - 102 BPM C Min Piano.wav,/Users/mikemcgovern/Documents/SoundSauce/Melody_Loops/Cymatics Oracle/Stems/Cymatics - Oracle West Coast Melody Loop 6 - 102 BPM C Min Stems/Cymatics - Oracle West Coast Melody Loop 6 - 102 BPM C Min Piano.wav
040__offkey__F#min_105__No_tE_VAYAS__seed123.wav,offkey,F#min,105,No tE VAYAS,123,1. cKz! No tE VAYAS Fsharpmin 105 bpm @crushed_keyz 1,Cymatics - Oracle West Coast Melody Loop 6 - 102 BPM C Min Piano.wav,/Users/mikemcgovern/Documents/SoundSauce/Melody_Loops/Cymatics Oracle/Stems/Cymatics - Oracle West Coast Melody Loop 6 - 102 BPM C Min Stems/Cymatics - Oracle West Coast Melody Loop 6 - 102 BPM C Min Piano.wav
041__noinit__F#min_105__No_tE_VAYAS__seed7.wav,noinit,F#min,105,No tE VAYAS,7,1. cKz! No tE VAYAS Fsharpmin 105 bpm @crushed_keyz 1,,
042__noinit__F#min_105__No_tE_VAYAS__seed123.wav,noinit,F#min,105,No tE VAYAS,123,1. cKz! No tE VAYAS Fsharpmin 105 bpm @crushed_keyz 1,,
043__matched__Gmin_170__Wants__seed7.wav,matched,Gmin,170,Wants,7,23. cKz! Wants Gmin 170 bpm @crushed_keyz @justryda_,Cymatics - Dragon Dark Loop - Power - 136 BPM G Min.wav,/Users/mikemcgovern/Documents/SoundSauce/Melody_Loops/Cymatics_Dragon_1/Dark/Cymatics - Dragon Dark Loop - Power - 136 BPM G Min.wav
044__matched__Gmin_170__Wants__seed123.wav,matched,Gmin,170,Wants,123,23. cKz! Wants Gmin 170 bpm @crushed_keyz @justryda_,Cymatics - Dragon Dark Loop - Power - 136 BPM G Min.wav,/Users/mikemcgovern/Documents/SoundSauce/Melody_Loops/Cymatics_Dragon_1/Dark/Cymatics - Dragon Dark Loop - Power - 136 BPM G Min.wav
045__offkey__Gmin_170__Wants__seed7.wav,offkey,Gmin,170,Wants,7,23. cKz! Wants Gmin 170 bpm @crushed_keyz @justryda_,Cymatics - Dragon Orchestral Loop - Drill - 150 BPM C# Min.wav,/Users/mikemcgovern/Documents/SoundSauce/Melody_Loops/Cymatics - Dragon Pt. 3/Orchestral/Cymatics - Dragon Orchestral Loop - Drill - 150 BPM C# Min.wav
046__offkey__Gmin_170__Wants__seed123.wav,offkey,Gmin,170,Wants,123,23. cKz! Wants Gmin 170 bpm @crushed_keyz @justryda_,Cymatics - Dragon Orchestral Loop - Drill - 150 BPM C# Min.wav,/Users/mikemcgovern/Documents/SoundSauce/Melody_Loops/Cymatics - Dragon Pt. 3/Orchestral/Cymatics - Dragon Orchestral Loop - Drill - 150 BPM C# Min.wav
047__noinit__Gmin_170__Wants__seed7.wav,noinit,Gmin,170,Wants,7,23. cKz! Wants Gmin 170 bpm @crushed_keyz @justryda_,,
048__noinit__Gmin_170__Wants__seed123.wav,noinit,Gmin,170,Wants,123,23. cKz! Wants Gmin 170 bpm @crushed_keyz @justryda_,,
049__matched__G#min_160__CAROUSEL__seed7.wav,matched,G#min,160,CAROUSEL,7,27. cKz! CAROUSEL G#min 160 bpm @crushed_keyz,Cymatics - Dragon Orchestral Loop - Crossover - 150 BPM G# Min.wav,/Users/mikemcgovern/Documents/SoundSauce/Melody_Loops/Cymatics - Dragon Pt. 3/Orchestral/Cymatics - Dragon Orchestral Loop - Crossover - 150 BPM G# Min.wav
050__matched__G#min_160__CAROUSEL__seed123.wav,matched,G#min,160,CAROUSEL,123,27. cKz! CAROUSEL G#min 160 bpm @crushed_keyz,Cymatics - Dragon Orchestral Loop - Crossover - 150 BPM G# Min.wav,/Users/mikemcgovern/Documents/SoundSauce/Melody_Loops/Cymatics - Dragon Pt. 3/Orchestral/Cymatics - Dragon Orchestral Loop - Crossover - 150 BPM G# Min.wav
051__offkey__G#min_160__CAROUSEL__seed7.wav,offkey,G#min,160,CAROUSEL,7,27. cKz! CAROUSEL G#min 160 bpm @crushed_keyz,Cymatics - Dragon Ethnic Loop - Street Lights - 160 BPM D Min.wav,/Users/mikemcgovern/Documents/SoundSauce/Melody_Loops/Cymatics_Dragon_2/Ethnic/Cymatics - Dragon Ethnic Loop - Street Lights - 160 BPM D Min.wav
052__offkey__G#min_160__CAROUSEL__seed123.wav,offkey,G#min,160,CAROUSEL,123,27. cKz! CAROUSEL G#min 160 bpm @crushed_keyz,Cymatics - Dragon Ethnic Loop - Street Lights - 160 BPM D Min.wav,/Users/mikemcgovern/Documents/SoundSauce/Melody_Loops/Cymatics_Dragon_2/Ethnic/Cymatics - Dragon Ethnic Loop - Street Lights - 160 BPM D Min.wav
053__noinit__G#min_160__CAROUSEL__seed7.wav,noinit,G#min,160,CAROUSEL,7,27. cKz! CAROUSEL G#min 160 bpm @crushed_keyz,,
054__noinit__G#min_160__CAROUSEL__seed123.wav,noinit,G#min,160,CAROUSEL,123,27. cKz! CAROUSEL G#min 160 bpm @crushed_keyz,,
