relpath,caption,key,bpm,mood,ckz
Crushed_keyz_melody_loops/1. cKz! No tE VAYAS Fsharpmin 105 bpm @crushed_keyz 1.mp3,1. cKz! No tE VAYAS Fsharpmin 105 bpm @crushed_keyz 1,,,,True
Crushed_keyz_melody_loops/10. cKz! JUNGLE C#min 140 bpm @crushed_keyz.mp3,10. cKz! JUNGLE C#min 140 bpm @crushed_keyz,,,,True
Crushed_keyz_melody_loops/11. cKz! CANOPY Amin 125 bpm @crushed_keyz.mp3,11. cKz! CANOPY Amin 125 bpm @crushed_keyz,,,,True
Crushed_keyz_melody_loops/12. cKz! WUNNA C#min 125 bpm @crushed_keyz.mp3,12. cKz! WUNNA C#min 125 bpm @crushed_keyz,,,,True
Crushed_keyz_melody_loops/14. cKz! dESERT RAiN Bmin 160 @crushed_key.mp3,14. cKz! dESERT RAiN Bmin 160 @crushed_key,,,,True
Crushed_keyz_melody_loops/15. cKz! ACTiVE Cmin 155 bpm @crushed_keyz x @justryda.mp3,15. cKz! ACTiVE Cmin 155 bpm @crushed_keyz x @justryda,,,,True
Crushed_keyz_melody_loops/16. cKz! Rent Free Cmin 140 bpm @crushed_keyz @justryda_.mp3,16. cKz! Rent Free Cmin 140 bpm @crushed_keyz @justryda_,,,,True
Crushed_keyz_melody_loops/17. cKz! Pressure F#min 130 bpm @crushed_keyz 1.mp3,17. cKz! Pressure F#min 130 bpm @crushed_keyz 1,,,,True
Crushed_keyz_melody_loops/18. cKz! 3AM Cmin 161 bpm @crushed_keyz @prodkxvi.mp3,18. cKz! 3AM Cmin 161 bpm @crushed_keyz @prodkxvi,,,,True
Crushed_keyz_melody_loops/19. cKz! DreamDoor Emin 140 bpm @crushed_keyz x @bass._charity.mp3,19. cKz! DreamDoor Emin 140 bpm @crushed_keyz x @bass._charity,,,,True
Crushed_keyz_melody_loops/2. cKz! ICE Dmin 135 bpm @crushed_keyz.mp3,2. cKz! ICE Dmin 135 bpm @crushed_keyz,,,,True
Crushed_keyz_melody_loops/21. cKz! Panda Cmin 90 bpm @crushed_keyz.mp3,21. cKz! Panda Cmin 90 bpm @crushed_keyz,,,,True
Crushed_keyz_melody_loops/22. cKz! Coupe C#min 180 bpm @crushed_keyz x @vicheatitup.mp3,22. cKz! Coupe C#min 180 bpm @crushed_keyz x @vicheatitup,,,,True
Crushed_keyz_melody_loops/23. cKz! Wants Gmin 170 bpm @crushed_keyz @justryda_.mp3,23. cKz! Wants Gmin 170 bpm @crushed_keyz @justryda_,,,,True
Crushed_keyz_melody_loops/24. cKz! JuPitER Cmin 120 bpm @crushed_keyz.mp3,24. cKz! JuPitER Cmin 120 bpm @crushed_keyz,,,,True
Crushed_keyz_melody_loops/25. cKz! CoSmoS Dmin 132 bpm @crushed_keyz.mp3,25. cKz! CoSmoS Dmin 132 bpm @crushed_keyz,,,,True
Crushed_keyz_melody_loops/26. cKz! BANDS A#min 150 bpm @crushed_keyz.mp3,26. cKz! BANDS A#min 150 bpm @crushed_keyz,,,,True
Crushed_keyz_melody_loops/27. cKz! CAROUSEL G#min 160 bpm @crushed_keyz.mp3,27. cKz! CAROUSEL G#min 160 bpm @crushed_keyz,,,,True
Crushed_keyz_melody_loops/28. cKz!  LABYRiNTH Bmin 140 bpm @crushed_keyz.mp3,28. cKz!  LABYRiNTH Bmin 140 bpm @crushed_keyz,,,,True
Crushed_keyz_melody_loops/29. cKz! Act Up Amaj 180 bpm @crushed_keyz @incepshun_.mp3,29. cKz! Act Up Amaj 180 bpm @crushed_keyz @incepshun_,,,,True
Crushed_keyz_melody_loops/3. cKz! Soulful Shadows Cmin 95 @crushed_key.mp3,3. cKz! Soulful Shadows Cmin 95 @crushed_key,,,,True
Crushed_keyz_melody_loops/30. cKz! Cry Now Laugh Later A#min 142 bpm @crushed_keyz.mp3,30. cKz! Cry Now Laugh Later A#min 142 bpm @crushed_keyz,,,,True
Crushed_keyz_melody_loops/31. cKz! CONFINED 180 bpm Emin @crushed_keyz.mp3,31. cKz! CONFINED 180 bpm Emin @crushed_keyz,,,,True
Crushed_keyz_melody_loops/32. cKz! Coldhearted Emaj 95 bpm @crushed_keyz @dcosounds.mp3,32. cKz! Coldhearted Emaj 95 bpm @crushed_keyz @dcosounds,,,,True
Crushed_keyz_melody_loops/4. cKz! Emotions Cmin 155 bpm @crushed_keyz x @justryda.mp3,4. cKz! Emotions Cmin 155 bpm @crushed_keyz x @justryda,,,,True
Crushed_keyz_melody_loops/5. cKz! Depths Cmin 140 bpm @crushed_keyz x @justryda.mp3,5. cKz! Depths Cmin 140 bpm @crushed_keyz x @justryda,,,,True
Crushed_keyz_melody_loops/6. cKz! LowKey Cmin 100 bpm @crushed_keyz x @justryda.mp3,6. cKz! LowKey Cmin 100 bpm @crushed_keyz x @justryda,,,,True
Crushed_keyz_melody_loops/6. cKz! Nasty - Reggaeton Bmin 170 bpm @crushed_keyz.mp3,6. cKz! Nasty - Reggaeton Bmin 170 bpm @crushed_keyz,,,,True
Crushed_keyz_melody_loops/7. cKz! ICEBERG 124bpm @crushed_keyz - crushedkeyz@gmail.com.mp3,7. cKz! ICEBERG 124bpm @crushed_keyz - crushedkeyz@gmail.com,,,,True
Crushed_keyz_melody_loops/8. cKz! BreakUp NAV starter D#min 190 bpm @crushed_keyz @bass._charity.mp3,8. cKz! BreakUp NAV starter D#min 190 bpm @crushed_keyz @bass._charity,,,,True
Crushed_keyz_melody_loops/9. cKz! Steppa Fmin 110 bpm @crushed_keyz.mp3,9. cKz! Steppa Fmin 110 bpm @crushed_keyz,,,,True
Crushed_keyz_melody_loops/cKz! AzUL Fmin 140 bpm @crushed_keyz.mp3,cKz! AzUL Fmin 140 bpm @crushed_keyz,,,,True
Crushed_keyz_melody_loops/cKz! Azkaban Gmin 110 bpm @crushed_keyz.mp3,cKz! Azkaban Gmin 110 bpm @crushed_keyz,,,,True
Crushed_keyz_melody_loops/cKz! DiMELO Amin 90 bpm @crushed_keyz.mp3,cKz! DiMELO Amin 90 bpm @crushed_keyz,,,,True
Crushed_keyz_melody_loops/cKz! El Yunque Fsharpmin 90 bpm @crushed_keyz.mp3,cKz! El Yunque Fsharpmin 90 bpm @crushed_keyz,,,,True
Crushed_keyz_melody_loops/cKz! FlaMEnCO Bmin 125 bpm @crushed_keyz.mp3,cKz! FlaMEnCO Bmin 125 bpm @crushed_keyz,,,,True
Crushed_keyz_melody_loops/cKz! LATE NiGHTs F#min 135 bpm @crushed_keyz1.mp3,cKz! LATE NiGHTs F#min 135 bpm @crushed_keyz1,,,,True
Crushed_keyz_melody_loops/cKz! MYKE TOWERS Fmin 125 bpm @crushed_keyz.mp3,cKz! MYKE TOWERS Fmin 125 bpm @crushed_keyz,,,,True
Crushed_keyz_melody_loops/cKz! Mars C#min 125 bpm @crushed_keyz.mp3,cKz! Mars C#min 125 bpm @crushed_keyz,,,,True
Crushed_keyz_melody_loops/cKz! POWER Dmin 125 bpm @crushed_keyz @itsbynu.mp3,cKz! POWER Dmin 125 bpm @crushed_keyz @itsbynu,,,,True
Crushed_keyz_melody_loops/cKz! SPRAY Dmin 180 bpm @crushed_keyz.mp3,cKz! SPRAY Dmin 180 bpm @crushed_keyz,,,,True
Crushed_keyz_melody_loops/cKz! SUBiENDO Emin 90 bpm @crushed_keyz 1.mp3,cKz! SUBiENDO Emin 90 bpm @crushed_keyz 1,,,,True
Crushed_keyz_melody_loops/cKz! Scenic Cmin 110 bpm @crushed_keyz.mp3,cKz! Scenic Cmin 110 bpm @crushed_keyz,,,,True
Crushed_keyz_melody_loops/cKz! StarLight 95 Amin @crushed_keyz x @dudeclayy.mp3,cKz! StarLight 95 Amin @crushed_keyz x @dudeclayy,,,,True
Crushed_keyz_melody_loops/cKz! TrapSoul Dsharp min 90 bpm @crushed_keyz @itsbynu.mp3,cKz! TrapSoul Dsharp min 90 bpm @crushed_keyz @itsbynu,,,,True
Crushed_keyz_melody_loops/cKz! dAYS OFF Gmin 150 bpm @crushed_keyz @officialnickystix.mp3,cKz! dAYS OFF Gmin 150 bpm @crushed_keyz @officialnickystix,,,,True
Cymatics - Dragon Pt. 3/Nostalgic/Cymatics - Dragon Nostalgic Loop - Apology - 130 BPM D# Min.wav,Cymatics - Dragon Nostalgic Loop - Apology - 130 BPM D# Min,,,,False
Cymatics - Dragon Pt. 3/Nostalgic/Cymatics - Dragon Nostalgic Loop - Autumn - 144 BPM E Mi.wav,Cymatics - Dragon Nostalgic Loop - Autumn - 144 BPM E Mi,,,,False
Cymatics - Dragon Pt. 3/Nostalgic/Cymatics - Dragon Nostalgic Loop - Clocks - 122 BPM A Min.wav,Cymatics - Dragon Nostalgic Loop - Clocks - 122 BPM A Min,,,,False
Cymatics - Dragon Pt. 3/Nostalgic/Cymatics - Dragon Nostalgic Loop - Emotions - 140 BPM G Min.wav,Cymatics - Dragon Nostalgic Loop - Emotions - 140 BPM G Min,,,,False
Cymatics - Dragon Pt. 3/Nostalgic/Cymatics - Dragon Nostalgic Loop - Endless - 130 BPM F Min.wav,Cymatics - Dragon Nostalgic Loop - Endless - 130 BPM F Min,,,,False
Cymatics - Dragon Pt. 3/Nostalgic/Cymatics - Dragon Nostalgic Loop - Exile - 140 BPM C Min.wav,Cymatics - Dragon Nostalgic Loop - Exile - 140 BPM C Min,,,,False
Cymatics - Dragon Pt. 3/Nostalgic/Cymatics - Dragon Nostalgic Loop - Feelings - 140 C# Min.wav,Cymatics - Dragon Nostalgic Loop - Feelings - 140 C# Min,,,,False
Cymatics - Dragon Pt. 3/Nostalgic/Cymatics - Dragon Nostalgic Loop - Leap Year - 125 BPM F Min.wav,Cymatics - Dragon Nostalgic Loop - Leap Year - 125 BPM F Min,,,,False
Cymatics - Dragon Pt. 3/Nostalgic/Cymatics - Dragon Nostalgic Loop - Leftovers - 135 BPM C# Min.wav,Cymatics - Dragon Nostalgic Loop - Leftovers - 135 BPM C# Min,,,,False
Cymatics - Dragon Pt. 3/Nostalgic/Cymatics - Dragon Nostalgic Loop - Longing -  140 BPM A Min.wav,Cymatics - Dragon Nostalgic Loop - Longing -  140 BPM A Min,,,,False
Cymatics - Dragon Pt. 3/Nostalgic/Cymatics - Dragon Nostalgic Loop - Mystic - 150 BPM G Min.wav,Cymatics - Dragon Nostalgic Loop - Mystic - 150 BPM G Min,,,,False
Cymatics - Dragon Pt. 3/Nostalgic/Cymatics - Dragon Nostalgic Loop - Placebo - 160 BPM E Min.wav,Cymatics - Dragon Nostalgic Loop - Placebo - 160 BPM E Min,,,,False
Cymatics - Dragon Pt. 3/Nostalgic/Cymatics - Dragon Nostalgic Loop - Realize - 128 BPM D Min.wav,Cymatics - Dragon Nostalgic Loop - Realize - 128 BPM D Min,,,,False
Cymatics - Dragon Pt. 3/Nostalgic/Cymatics - Dragon Nostalgic Loop - Remorse - 140 BPM B Min.wav,Cymatics - Dragon Nostalgic Loop - Remorse - 140 BPM B Min,,,,False
Cymatics - Dragon Pt. 3/Nostalgic/Cymatics - Dragon Nostalgic Loop - Renaissance - 128 BPM C Min.wav,Cymatics - Dragon Nostalgic Loop - Renaissance - 128 BPM C Min,,,,False
Cymatics - Dragon Pt. 3/Nostalgic/Cymatics - Dragon Nostalgic Loop - Repent - 140 BPM G# Min.wav,Cymatics - Dragon Nostalgic Loop - Repent - 140 BPM G# Min,,,,False
Cymatics - Dragon Pt. 3/Nostalgic/Cymatics - Dragon Nostalgic Loop - Roses - 145 BPM A# Min .wav,Cymatics - Dragon Nostalgic Loop - Roses - 145 BPM A# Min ,,,,False
Cymatics - Dragon Pt. 3/Nostalgic/Cymatics - Dragon Nostalgic Loop - Tears - 140 BPM D Maj.wav,Cymatics - Dragon Nostalgic Loop - Tears - 140 BPM D Maj,,,,False
Cymatics - Dragon Pt. 3/Nostalgic/Cymatics - Dragon Nostalgic Loop - Twilight - 152 BPM A# Min.wav,Cymatics - Dragon Nostalgic Loop - Twilight - 152 BPM A# Min,,,,False
Cymatics - Dragon Pt. 3/Nostalgic/Cymatics - Dragon Nostalgic Loop - Unwanted - 120 BPM D# Maj.wav,Cymatics - Dragon Nostalgic Loop - Unwanted - 120 BPM D# Maj,,,,False
Cymatics - Dragon Pt. 3/Nostalgic/Cymatics - Dragon Nostalgic Loop - Voices - 130 BPM E Min.wav,Cymatics - Dragon Nostalgic Loop - Voices - 130 BPM E Min,,,,False
Cymatics - Dragon Pt. 3/Nostalgic/Cymatics - Dragon Nostalgic Loop - Waves - 140 BPM C Min.wav,Cymatics - Dragon Nostalgic Loop - Waves - 140 BPM C Min,,,,False
Cymatics - Dragon Pt. 3/Nostalgic/Cymatics - Dragon Nostalgic Loop - Wishing Well - 145 BPM C Min.wav,Cymatics - Dragon Nostalgic Loop - Wishing Well - 145 BPM C Min,,,,False
Cymatics - Dragon Pt. 3/Nostalgic/Cymatics - Dragon Nostalgic Loop - Yesterday - 151 BPM A Maj.wav,Cymatics - Dragon Nostalgic Loop - Yesterday - 151 BPM A Maj,,,,False
Cymatics - Dragon Pt. 3/Orchestral/Cymatics - Dragon Orchestral Loop - Back Alley - 156 BPM D# Min.wav,Cymatics - Dragon Orchestral Loop - Back Alley - 156 BPM D# Min,,,,False
Cymatics - Dragon Pt. 3/Orchestral/Cymatics - Dragon Orchestral Loop - Battalion - 130 BPM C# Min.wav,Cymatics - Dragon Orchestral Loop - Battalion - 130 BPM C# Min,,,,False
Cymatics - Dragon Pt. 3/Orchestral/Cymatics - Dragon Orchestral Loop - Countdown - 150 BPM C# Min.wav,Cymatics - Dragon Orchestral Loop - Countdown - 150 BPM C# Min,,,,False
Cymatics - Dragon Pt. 3/Orchestral/Cymatics - Dragon Orchestral Loop - Crossover - 150 BPM G# Min.wav,Cymatics - Dragon Orchestral Loop - Crossover - 150 BPM G# Min,,,,False
Cymatics - Dragon Pt. 3/Orchestral/Cymatics - Dragon Orchestral Loop - Drill - 150 BPM C# Min.wav,Cymatics - Dragon Orchestral Loop - Drill - 150 BPM C# Min,,,,False
Cymatics - Dragon Pt. 3/Orchestral/Cymatics - Dragon Orchestral Loop - Finale - 150 BPM A Min.wav,Cymatics - Dragon Orchestral Loop - Finale - 150 BPM A Min,,,,False
Cymatics - Dragon Pt. 3/Orchestral/Cymatics - Dragon Orchestral Loop - Inception - 140 BPM C Min.wav,Cymatics - Dragon Orchestral Loop - Inception - 140 BPM C Min,,,,False
Cymatics - Dragon Pt. 3/Orchestral/Cymatics - Dragon Orchestral Loop - Last Battle - 110 BPM A# Min.wav,Cymatics - Dragon Orchestral Loop - Last Battle - 110 BPM A# Min,,,,False
Cymatics - Dragon Pt. 3/Orchestral/Cymatics - Dragon Orchestral Loop - Life Span - 140 BPM G Min.wav,Cymatics - Dragon Orchestral Loop - Life Span - 140 BPM G Min,,,,False
Cymatics - Dragon Pt. 3/Orchestral/Cymatics - Dragon Orchestral Loop - Limitless - 150 BPM B Min.wav,Cymatics - Dragon Orchestral Loop - Limitless - 150 BPM B Min,,,,False
Cymatics - Dragon Pt. 3/Orchestral/Cymatics - Dragon Orchestral Loop - Minds - 128 BPM G Maj.wav,Cymatics - Dragon Orchestral Loop - Minds - 128 BPM G Maj,,,,False
Cymatics - Dragon Pt. 3/Orchestral/Cymatics - Dragon Orchestral Loop - Private Jet - 150 BPM F Min.wav,Cymatics - Dragon Orchestral Loop - Private Jet - 150 BPM F Min,,,,False
Cymatics - Dragon Pt. 3/Orchestral/Cymatics - Dragon Orchestral Loop - Protest - 144 BPM A# Min.wav,Cymatics - Dragon Orchestral Loop - Protest - 144 BPM A# Min,,,,False
Cymatics - Dragon Pt. 3/Orchestral/Cymatics - Dragon Orchestral Loop - Real Time - 136 BPM E Min.wav,Cymatics - Dragon Orchestral Loop - Real Time - 136 BPM E Min,,,,False
Cymatics - Dragon Pt. 3/Orchestral/Cymatics - Dragon Orchestral Loop - Red Room - 161 BPM A# Min.wav,Cymatics - Dragon Orchestral Loop - Red Room - 161 BPM A# Min,,,,False
Cymatics - Dragon Pt. 3/Orchestral/Cymatics - Dragon Orchestral Loop - Roses - 120 BPM A Min.wav,Cymatics - Dragon Orchestral Loop - Roses - 120 BPM A Min,,,,False
Cymatics - Dragon Pt. 3/Orchestral/Cymatics - Dragon Orchestral Loop - Seasons - 142 BPM E Min.wav,Cymatics - Dragon Orchestral Loop - Seasons - 142 BPM E Min,,,,False
Cymatics - Dragon Pt. 3/Orchestral/Cymatics - Dragon Orchestral Loop - Souls - 150 BPM A Min.wav,Cymatics - Dragon Orchestral Loop - Souls - 150 BPM A Min,,,,False
Cymatics - Dragon Pt. 3/Orchestral/Cymatics - Dragon Orchestral Loop - Stimulus - 150 BPM D Min.wav,Cymatics - Dragon Orchestral Loop - Stimulus - 150 BPM D Min,,,,False
Cymatics - Dragon Pt. 3/Orchestral/Cymatics - Dragon Orchestral Loop - Strangers - 160 BPM A Min.wav,Cymatics - Dragon Orchestral Loop - Strangers - 160 BPM A Min,,,,False
Cymatics - Dragon Pt. 3/Orchestral/Cymatics - Dragon Orchestral Loop - Timeless - 138 BPM E Min.wav,Cymatics - Dragon Orchestral Loop - Timeless - 138 BPM E Min,,,,False
Cymatics - Dragon Pt. 3/Orchestral/Cymatics - Dragon Orchestral Loop - Tragic - 155 BPM D# Min.wav,Cymatics - Dragon Orchestral Loop - Tragic - 155 BPM D# Min,,,,False
Cymatics - Dragon Pt. 3/Orchestral/Cymatics - Dragon Orchestral Loop - Vigor - 160 BPM C# Min.wav,Cymatics - Dragon Orchestral Loop - Vigor - 160 BPM C# Min,,,,False
Cymatics - Dragon Pt. 4/R&B/Cymatics - Dragon R&B Loop - Bad - 125 BPM A Min.wav,Cymatics - Dragon R&B Loop - Bad - 125 BPM A Min,,,,False
Cymatics - Dragon Pt. 4/R&B/Cymatics - Dragon R&B Loop - Dawn To Dusk - 136 BPM C# Min.wav,Cymatics - Dragon R&B Loop - Dawn To Dusk - 136 BPM C# Min,,,,False
Cymatics - Dragon Pt. 4/R&B/Cymatics - Dragon R&B Loop - Dreams - 65 BPM G Min.wav,Cymatics - Dragon R&B Loop - Dreams - 65 BPM G Min,,,,False
Cymatics - Dragon Pt. 4/R&B/Cymatics - Dragon R&B Loop - Floating - 82 BPM D# Maj.wav,Cymatics - Dragon R&B Loop - Floating - 82 BPM D# Maj,,,,False
Cymatics - Dragon Pt. 4/R&B/Cymatics - Dragon R&B Loop - Focus - 100 BPM E Maj.wav,Cymatics - Dragon R&B Loop - Focus - 100 BPM E Maj,,,,False
Cymatics - Dragon Pt. 4/R&B/Cymatics - Dragon R&B Loop - Hope - 105 BPM C Min.wav,Cymatics - Dragon R&B Loop - Hope - 105 BPM C Min,,,,False
Cymatics - Dragon Pt. 4/R&B/Cymatics - Dragon R&B Loop - Light Snow - 105 BPM E Min.wav,Cymatics - Dragon R&B Loop - Light Snow - 105 BPM E Min,,,,False
Cymatics - Dragon Pt. 4/R&B/Cymatics - Dragon R&B Loop - Liquid Courage - 100 BPM D Min.wav,Cymatics - Dragon R&B Loop - Liquid Courage - 100 BPM D Min,,,,False
Cymatics - Dragon Pt. 4/R&B/Cymatics - Dragon R&B Loop - Magic City - 130 BPM G Min.wav,Cymatics - Dragon R&B Loop - Magic City - 130 BPM G Min,,,,False
Cymatics - Dragon Pt. 4/R&B/Cymatics - Dragon R&B Loop - Midnight - 122 BPM G Min.wav,Cymatics - Dragon R&B Loop - Midnight - 122 BPM G Min,,,,False
Cymatics - Dragon Pt. 4/R&B/Cymatics - Dragon R&B Loop - Night & Day - 120 BPM D# Min.wav,Cymatics - Dragon R&B Loop - Night & Day - 120 BPM D# Min,,,,False
Cymatics - Dragon Pt. 4/R&B/Cymatics - Dragon R&B Loop - Pulling Away - 115 BPM E Maj.wav,Cymatics - Dragon R&B Loop - Pulling Away - 115 BPM E Maj,,,,False
Cymatics - Dragon Pt. 4/R&B/Cymatics - Dragon R&B Loop - Rainfall - 108 BPM A# Min.wav,Cymatics - Dragon R&B Loop - Rainfall - 108 BPM A# Min,,,,False
Cymatics - Dragon Pt. 4/R&B/Cymatics - Dragon R&B Loop - Remember - 90 BPM F# Min.wav,Cymatics - Dragon R&B Loop - Remember - 90 BPM F# Min,,,,False
Cymatics - Dragon Pt. 4/R&B/Cymatics - Dragon R&B Loop - Right Now - 130 BPM G Min.wav,Cymatics - Dragon R&B Loop - Right Now - 130 BPM G Min,,,,False
Cymatics - Dragon Pt. 4/R&B/Cymatics - Dragon R&B Loop - Rise - 130 BPM F Maj.wav,Cymatics - Dragon R&B Loop - Rise - 130 BPM F Maj,,,,False
Cymatics - Dragon Pt. 4/R&B/Cymatics - Dragon R&B Loop - Sunbeams - 85 BPM C Min.wav,Cymatics - Dragon R&B Loop - Sunbeams - 85 BPM C Min,,,,False
Cymatics - Dragon Pt. 4/R&B/Cymatics - Dragon R&B Loop - Sweet - 65 BPM A Min.wav,Cymatics - Dragon R&B Loop - Sweet - 65 BPM A Min,,,,False
Cymatics - Dragon Pt. 4/R&B/Cymatics - Dragon R&B Loop - Tease - 80 BPM D Min.wav,Cymatics - Dragon R&B Loop - Tease - 80 BPM D Min,,,,False
Cymatics - Dragon Pt. 4/R&B/Cymatics - Dragon R&B Loop - Tell Me - 150 BPM F# Min.wav,Cymatics - Dragon R&B Loop - Tell Me - 150 BPM F# Min,,,,False
Cymatics - Dragon Pt. 4/R&B/Cymatics - Dragon R&B Loop - This Feeling - 100 BPM E Min.wav,Cymatics - Dragon R&B Loop - This Feeling - 100 BPM E Min,,,,False
Cymatics - Dragon Pt. 4/R&B/Cymatics - Dragon R&B Loop - Together - 116 BPM F Min.wav,Cymatics - Dragon R&B Loop - Together - 116 BPM F Min,,,,False
Cymatics - Dragon Pt. 4/R&B/Cymatics - Dragon R&B Loop - Twisted - 111 BPM A Min.wav,Cymatics - Dragon R&B Loop - Twisted - 111 BPM A Min,,,,False
Cymatics - Dragon Pt. 4/R&B/Cymatics - Dragon R&B Loop - U Don_t Know - 100 BPM C# Min.wav,Cymatics - Dragon R&B Loop - U Don_t Know - 100 BPM C# Min,,,,False
Cymatics - Dragon Pt. 4/R&B/Cymatics - Dragon R&B Loop - Want Your Love - 110 BPM C Min.wav,Cymatics - Dragon R&B Loop - Want Your Love - 110 BPM C Min,,,,False
Cymatics - Dragon Pt. 4/R&B/Cymatics - Dragon R&B Loop - Wasted - 167 BPM F Min.wav,Cymatics - Dragon R&B Loop - Wasted - 167 BPM F Min,,,,False
Cymatics - Dragon Pt. 4/R&B/Cymatics - Dragon R&B Loop - Waterfall - 110 BPM D# Min.wav,Cymatics - Dragon R&B Loop - Waterfall - 110 BPM D# Min,,,,False
Cymatics - Dragon Pt. 4/R&B/Cymatics - Dragon R&B Loop - You & I - 111 BPM A# Min.wav,Cymatics - Dragon R&B Loop - You & I - 111 BPM A# Min,,,,False
Cymatics - Dragon Pt. 5/Sad/Cymatics - Dragon Sad Loop - Bad Energy - 130 BPM C Min.wav,Cymatics - Dragon Sad Loop - Bad Energy - 130 BPM C Min,,,,False
Cymatics - Dragon Pt. 5/Sad/Cymatics - Dragon Sad Loop - Blue - 150 BPM C# Min.wav,Cymatics - Dragon Sad Loop - Blue - 150 BPM C# Min,,,,False
Cymatics - Dragon Pt. 5/Sad/Cymatics - Dragon Sad Loop - Can_t Let Go - 150 BPM B Min.wav,Cymatics - Dragon Sad Loop - Can_t Let Go - 150 BPM B Min,,,,False
Cymatics - Dragon Pt. 5/Sad/Cymatics - Dragon Sad Loop - Dead Flowers - 85 BPM D# Min.wav,Cymatics - Dragon Sad Loop - Dead Flowers - 85 BPM D# Min,,,,False
Cymatics - Dragon Pt. 5/Sad/Cymatics - Dragon Sad Loop - Emotional - 140 BPM C Min.wav,Cymatics - Dragon Sad Loop - Emotional - 140 BPM C Min,,,,False
Cymatics - Dragon Pt. 5/Sad/Cymatics - Dragon Sad Loop - Forgotten - 140 BPM B Min.wav,Cymatics - Dragon Sad Loop - Forgotten - 140 BPM B Min,,,,False
Cymatics - Dragon Pt. 5/Sad/Cymatics - Dragon Sad Loop - Grief - 120 BPM D Min.wav,Cymatics - Dragon Sad Loop - Grief - 120 BPM D Min,,,,False
Cymatics - Dragon Pt. 5/Sad/Cymatics - Dragon Sad Loop - Heartsick - 147 BPM A Min.wav,Cymatics - Dragon Sad Loop - Heartsick - 147 BPM A Min,,,,False
Cymatics - Dragon Pt. 5/Sad/Cymatics - Dragon Sad Loop - Hopeless - 115 BPM F Min.wav,Cymatics - Dragon Sad Loop - Hopeless - 115 BPM F Min,,,,False
Cymatics - Dragon Pt. 5/Sad/Cymatics - Dragon Sad Loop - Hurt - 140 BPM F# Min.wav,Cymatics - Dragon Sad Loop - Hurt - 140 BPM F# Min,,,,False
Cymatics - Dragon Pt. 5/Sad/Cymatics - Dragon Sad Loop - Left Behind - 155 BPM D Min.wav,Cymatics - Dragon Sad Loop - Left Behind - 155 BPM D Min,,,,False
Cymatics - Dragon Pt. 5/Sad/Cymatics - Dragon Sad Loop - Lonely - 145 BPM F Min.wav,Cymatics - Dragon Sad Loop - Lonely - 145 BPM F Min,,,,False
Cymatics - Dragon Pt. 5/Sad/Cymatics - Dragon Sad Loop - Lost Souls - 110 BPM A Min.wav,Cymatics - Dragon Sad Loop - Lost Souls - 110 BPM A Min,,,,False
Cymatics - Dragon Pt. 5/Sad/Cymatics - Dragon Sad Loop - Love Sick - 85 BPM G# Min.wav,Cymatics - Dragon Sad Loop - Love Sick - 85 BPM G# Min,,,,False
Cymatics - Dragon Pt. 5/Sad/Cymatics - Dragon Sad Loop - Memories Of You - 160 BPM E Min.wav,Cymatics - Dragon Sad Loop - Memories Of You - 160 BPM E Min,,,,False
Cymatics - Dragon Pt. 5/Sad/Cymatics - Dragon Sad Loop - Pain - 150 BPM G Min.wav,Cymatics - Dragon Sad Loop - Pain - 150 BPM G Min,,,,False
Cymatics - Dragon Pt. 5/Sad/Cymatics - Dragon Sad Loop - Regret - 115 BPM C Min.wav,Cymatics - Dragon Sad Loop - Regret - 115 BPM C Min,,,,False
Cymatics - Dragon Pt. 5/Sad/Cymatics - Dragon Sad Loop - Repent - 140 BPM B Min.wav,Cymatics - Dragon Sad Loop - Repent - 140 BPM B Min,,,,False
Cymatics - Dragon Pt. 5/Sad/Cymatics - Dragon Sad Loop - Surreal - 130 BPM C# Min.wav,Cymatics - Dragon Sad Loop - Surreal - 130 BPM C# Min,,,,False
Cymatics - Dragon Pt. 5/Sad/Cymatics - Dragon Sad Loop - Tragic - 130 BPM G# Min.wav,Cymatics - Dragon Sad Loop - Tragic - 130 BPM G# Min,,,,False
Cymatics - Dragon Pt. 5/Sad/Cymatics - Dragon Sad Loop - Visions - 140 BPM E Min.wav,Cymatics - Dragon Sad Loop - Visions - 140 BPM E Min,,,,False
Cymatics - Dragon Pt. 5/Various/Cymatics - Dragon Various Loop - Apollo - 140 BPM G Min.wav,Cymatics - Dragon Various Loop - Apollo - 140 BPM G Min,,,,False
Cymatics - Dragon Pt. 5/Various/Cymatics - Dragon Various Loop - Azure - 145 BPM C Min.wav,Cymatics - Dragon Various Loop - Azure - 145 BPM C Min,,,,False
Cymatics - Dragon Pt. 5/Various/Cymatics - Dragon Various Loop - Blindsided - 140 BPM G Min.wav,Cymatics - Dragon Various Loop - Blindsided - 140 BPM G Min,,,,False
Cymatics - Dragon Pt. 5/Various/Cymatics - Dragon Various Loop - Calamity - 98 BPM C# Min.wav,Cymatics - Dragon Various Loop - Calamity - 98 BPM C# Min,,,,False
Cymatics - Dragon Pt. 5/Various/Cymatics - Dragon Various Loop - Creepin - 130 BPM E Min.wav,Cymatics - Dragon Various Loop - Creepin - 130 BPM E Min,,,,False
Cymatics - Dragon Pt. 5/Various/Cymatics - Dragon Various Loop - Dilemma - 120 BPM B Min .wav,Cymatics - Dragon Various Loop - Dilemma - 120 BPM B Min ,,,,False
Cymatics - Dragon Pt. 5/Various/Cymatics - Dragon Various Loop - Do The Most - 150 BPM A# Min.wav,Cymatics - Dragon Various Loop - Do The Most - 150 BPM A# Min,,,,False
Cymatics - Dragon Pt. 5/Various/Cymatics - Dragon Various Loop - Dripping - 148 BPM A Min.wav,Cymatics - Dragon Various Loop - Dripping - 148 BPM A Min,,,,False
Cymatics - Dragon Pt. 5/Various/Cymatics - Dragon Various Loop - Elixir - 140 BPM E Min.wav,Cymatics - Dragon Various Loop - Elixir - 140 BPM E Min,,,,False
Cymatics - Dragon Pt. 5/Various/Cymatics - Dragon Various Loop - Elusive - 155 BPM A# Min.wav,Cymatics - Dragon Various Loop - Elusive - 155 BPM A# Min,,,,False
Cymatics - Dragon Pt. 5/Various/Cymatics - Dragon Various Loop - Epiphany - 124 BPM B Min.wav,Cymatics - Dragon Various Loop - Epiphany - 124 BPM B Min,,,,False
Cymatics - Dragon Pt. 5/Various/Cymatics - Dragon Various Loop - Ethereal - 160 BPM A# Min.wav,Cymatics - Dragon Various Loop - Ethereal - 160 BPM A# Min,,,,False
Cymatics - Dragon Pt. 5/Various/Cymatics - Dragon Various Loop - Fiasco - 135 BPM G# Min.wav,Cymatics - Dragon Various Loop - Fiasco - 135 BPM G# Min,,,,False
Cymatics - Dragon Pt. 5/Various/Cymatics - Dragon Various Loop - Frivolous - 110 BPM F# Min.wav,Cymatics - Dragon Various Loop - Frivolous - 110 BPM F# Min,,,,False
Cymatics - Dragon Pt. 5/Various/Cymatics - Dragon Various Loop - Hush - 80 BPM C Min.wav,Cymatics - Dragon Various Loop - Hush - 80 BPM C Min,,,,False
Cymatics - Dragon Pt. 5/Various/Cymatics - Dragon Various Loop - Ice - 160 BPM G# Min.wav,Cymatics - Dragon Various Loop - Ice - 160 BPM G# Min,,,,False
Cymatics - Dragon Pt. 5/Various/Cymatics - Dragon Various Loop - Mythic - 150 BPM C# Min.wav,Cymatics - Dragon Various Loop - Mythic - 150 BPM C# Min,,,,False
Cymatics - Dragon Pt. 5/Various/Cymatics - Dragon Various Loop - North Side - 100 BPM B Min.wav,Cymatics - Dragon Various Loop - North Side - 100 BPM B Min,,,,False
Cymatics - Dragon Pt. 5/Various/Cymatics - Dragon Various Loop - Pressure - 128 BPM D# Min.wav,Cymatics - Dragon Various Loop - Pressure - 128 BPM D# Min,,,,False
Cymatics - Dragon Pt. 5/Various/Cymatics - Dragon Various Loop - Salty - 170 BPM A# Min.wav,Cymatics - Dragon Various Loop - Salty - 170 BPM A# Min,,,,False
Cymatics - Dragon Pt. 5/Various/Cymatics - Dragon Various Loop - Senses - 140 BPM G# Min.wav,Cymatics - Dragon Various Loop - Senses - 140 BPM G# Min,,,,False
Cymatics - Dragon Pt. 5/Various/Cymatics - Dragon Various Loop - The Abyss - 165 BPM A# Min.wav,Cymatics - Dragon Various Loop - The Abyss - 165 BPM A# Min,,,,False
Cymatics - Dragon Pt. 5/Various/Cymatics - Dragon Various Loop - The Pinnacle - 140 BPM D Min.wav,Cymatics - Dragon Various Loop - The Pinnacle - 140 BPM D Min,,,,False
Cymatics - Dragon Pt. 5/Various/Cymatics - Dragon Various Loop - Thieves - 106 BPM D# Min.wav,Cymatics - Dragon Various Loop - Thieves - 106 BPM D# Min,,,,False
Cymatics - Dragon Pt. 5/Various/Cymatics - Dragon Various Loop - Tropics - 160 BPM D# Min.wav,Cymatics - Dragon Various Loop - Tropics - 160 BPM D# Min,,,,False
Cymatics - Dragon Pt. 5/Various/Cymatics - Dragon Various Loop - Vertigo - 140 BPM D Min.wav,Cymatics - Dragon Various Loop - Vertigo - 140 BPM D Min,,,,False
Cymatics - Dragon Pt. 5/Various/Cymatics - Dragon Various Loop - Voodoo - 126 BPM G Min.wav,Cymatics - Dragon Various Loop - Voodoo - 126 BPM G Min,,,,False
Cymatics - Dragon Pt. 5/Various/Cymatics - Dragon Various Loop - Zoom - 155 BPM G Min.wav,Cymatics - Dragon Various Loop - Zoom - 155 BPM G Min,,,,False
Cymatics Cobra - Melodics/Instrument Loops/Flutes/Dry/Cymatics - Cobra Flute Loop 1 - 108 BPM D Min.wav,Cymatics - Cobra Flute Loop 1 - 108 BPM D Min,,,,False
Cymatics Cobra - Melodics/Instrument Loops/Flutes/Dry/Cymatics - Cobra Flute Loop 2 - 113 BPM F# Min.wav,Cymatics - Cobra Flute Loop 2 - 113 BPM F# Min,,,,False
Cymatics Cobra - Melodics/Instrument Loops/Flutes/Dry/Cymatics - Cobra Flute Loop 3 - 130 BPM D# Min.wav,Cymatics - Cobra Flute Loop 3 - 130 BPM D# Min,,,,False
Cymatics Cobra - Melodics/Instrument Loops/Flutes/Dry/Cymatics - Cobra Flute Loop 4 - 141 BPM F# Min.wav,Cymatics - Cobra Flute Loop 4 - 141 BPM F# Min,,,,False
Cymatics Cobra - Melodics/Instrument Loops/Flutes/Processed/Cymatics - Cobra Flute Loop 1 Wet - 108 BPM D Min.wav,Cymatics - Cobra Flute Loop 1 Wet - 108 BPM D Min,,,,False
Cymatics Cobra - Melodics/Instrument Loops/Flutes/Processed/Cymatics - Cobra Flute Loop 2 Wet - 113 BPM F# Min.wav,Cymatics - Cobra Flute Loop 2 Wet - 113 BPM F# Min,,,,False
Cymatics Cobra - Melodics/Instrument Loops/Flutes/Processed/Cymatics - Cobra Flute Loop 3 Wet - 130 BPM D# Min.wav,Cymatics - Cobra Flute Loop 3 Wet - 130 BPM D# Min,,,,False
Cymatics Cobra - Melodics/Instrument Loops/Flutes/Processed/Cymatics - Cobra Flute Loop 4 Wet - 141 BPM F# Min.wav,Cymatics - Cobra Flute Loop 4 Wet - 141 BPM F# Min,,,,False
Cymatics Cobra - Melodics/Instrument Loops/Guitars/Dry/Cymatics - Cobra Guitar Loop 1 - 100 BPM G Min.wav,Cymatics - Cobra Guitar Loop 1 - 100 BPM G Min,,,,False
Cymatics Cobra - Melodics/Instrument Loops/Guitars/Dry/Cymatics - Cobra Guitar Loop 2 - 140 BPM C# Min.wav,Cymatics - Cobra Guitar Loop 2 - 140 BPM C# Min,,,,False
Cymatics Cobra - Melodics/Instrument Loops/Guitars/Dry/Cymatics - Cobra Guitar Loop 3 - 140 BPM E Min.wav,Cymatics - Cobra Guitar Loop 3 - 140 BPM E Min,,,,False
Cymatics Cobra - Melodics/Instrument Loops/Guitars/Dry/Cymatics - Cobra Guitar Loop 4 - 140 BPM E Min.wav,Cymatics - Cobra Guitar Loop 4 - 140 BPM E Min,,,,False
Cymatics Cobra - Melodics/Instrument Loops/Guitars/Dry/Cymatics - Cobra Guitar Loop 5 - 140 BPM E Min.wav,Cymatics - Cobra Guitar Loop 5 - 140 BPM E Min,,,,False
Cymatics Cobra - Melodics/Instrument Loops/Guitars/Dry/Cymatics - Cobra Guitar Loop 6 - 140 BPM E Min.wav,Cymatics - Cobra Guitar Loop 6 - 140 BPM E Min,,,,False
Cymatics Cobra - Melodics/Instrument Loops/Guitars/Dry/Cymatics - Cobra Guitar Loop 7 - 160 BPM D Min.wav,Cymatics - Cobra Guitar Loop 7 - 160 BPM D Min,,,,False
Cymatics Cobra - Melodics/Instrument Loops/Guitars/Dry/Cymatics - Cobra Guitar Loop 8 - 160 BPM E Min.wav,Cymatics - Cobra Guitar Loop 8 - 160 BPM E Min,,,,False
Cymatics Cobra - Melodics/Instrument Loops/Guitars/Processed/Cymatics - Cobra Guitar Loop 1 Wet - 100 BPM G Min.wav,Cymatics - Cobra Guitar Loop 1 Wet - 100 BPM G Min,,,,False
Cymatics Cobra - Melodics/Instrument Loops/Guitars/Processed/Cymatics - Cobra Guitar Loop 2 Wet - 140 BPM C# Min.wav,Cymatics - Cobra Guitar Loop 2 Wet - 140 BPM C# Min,,,,False
Cymatics Cobra - Melodics/Instrument Loops/Guitars/Processed/Cymatics - Cobra Guitar Loop 3 Wet - 140 BPM E Min.wav,Cymatics - Cobra Guitar Loop 3 Wet - 140 BPM E Min,,,,False
Cymatics Cobra - Melodics/Instrument Loops/Guitars/Processed/Cymatics - Cobra Guitar Loop 4 Wet - 140 BPM E Min.wav,Cymatics - Cobra Guitar Loop 4 Wet - 140 BPM E Min,,,,False
Cymatics Cobra - Melodics/Instrument Loops/Guitars/Processed/Cymatics - Cobra Guitar Loop 5 Wet - 140 BPM E Min.wav,Cymatics - Cobra Guitar Loop 5 Wet - 140 BPM E Min,,,,False
Cymatics Cobra - Melodics/Instrument Loops/Guitars/Processed/Cymatics - Cobra Guitar Loop 6 Wet - 140 BPM E Min.wav,Cymatics - Cobra Guitar Loop 6 Wet - 140 BPM E Min,,,,False
Cymatics Cobra - Melodics/Instrument Loops/Guitars/Processed/Cymatics - Cobra Guitar Loop 7 Wet - 160 BPM D Min.wav,Cymatics - Cobra Guitar Loop 7 Wet - 160 BPM D Min,,,,False
Cymatics Cobra - Melodics/Instrument Loops/Guitars/Processed/Cymatics - Cobra Guitar Loop 7 Wet - 160 BPM E Min.wav,Cymatics - Cobra Guitar Loop 7 Wet - 160 BPM E Min,,,,False
Cymatics Cobra - Melodics/Melody Loops/Cymatics - Cobra Melody Loop 1 - 85 BPM G Min.wav,Cymatics - Cobra Melody Loop 1 - 85 BPM G Min,,,,False
Cymatics Cobra - Melodics/Melody Loops/Cymatics - Cobra Melody Loop 10 - 135 BPM E Min.wav,Cymatics - Cobra Melody Loop 10 - 135 BPM E Min,,,,False
Cymatics Cobra - Melodics/Melody Loops/Cymatics - Cobra Melody Loop 11 - 140 BPM C Min.wav,Cymatics - Cobra Melody Loop 11 - 140 BPM C Min,,,,False
Cymatics Cobra - Melodics/Melody Loops/Cymatics - Cobra Melody Loop 12 - 140 BPM D# Maj.wav,Cymatics - Cobra Melody Loop 12 - 140 BPM D# Maj,,,,False
Cymatics Cobra - Melodics/Melody Loops/Cymatics - Cobra Melody Loop 13 - 140 BPM D# Min.wav,Cymatics - Cobra Melody Loop 13 - 140 BPM D# Min,,,,False
Cymatics Cobra - Melodics/Melody Loops/Cymatics - Cobra Melody Loop 14 - 140 BPM G# Min.wav,Cymatics - Cobra Melody Loop 14 - 140 BPM G# Min,,,,False
Cymatics Cobra - Melodics/Melody Loops/Cymatics - Cobra Melody Loop 15 - 140 BPM A# Min.wav,Cymatics - Cobra Melody Loop 15 - 140 BPM A# Min,,,,False
Cymatics Cobra - Melodics/Melody Loops/Cymatics - Cobra Melody Loop 16 - 140 BPM B Min.wav,Cymatics - Cobra Melody Loop 16 - 140 BPM B Min,,,,False
Cymatics Cobra - Melodics/Melody Loops/Cymatics - Cobra Melody Loop 17 - 150 BPM C# Min.wav,Cymatics - Cobra Melody Loop 17 - 150 BPM C# Min,,,,False
Cymatics Cobra - Melodics/Melody Loops/Cymatics - Cobra Melody Loop 18 - 150 BPM D Min.wav,Cymatics - Cobra Melody Loop 18 - 150 BPM D Min,,,,False
Cymatics Cobra - Melodics/Melody Loops/Cymatics - Cobra Melody Loop 19 - 150 BPM G# Min.wav,Cymatics - Cobra Melody Loop 19 - 150 BPM G# Min,,,,False
Cymatics Cobra - Melodics/Melody Loops/Cymatics - Cobra Melody Loop 2 - 90 BPM G Min.wav,Cymatics - Cobra Melody Loop 2 - 90 BPM G Min,,,,False
Cymatics Cobra - Melodics/Melody Loops/Cymatics - Cobra Melody Loop 20 - 150 BPM G# Min.wav,Cymatics - Cobra Melody Loop 20 - 150 BPM G# Min,,,,False
Cymatics Cobra - Melodics/Melody Loops/Cymatics - Cobra Melody Loop 21 - 160 BPM C Min.wav,Cymatics - Cobra Melody Loop 21 - 160 BPM C Min,,,,False
Cymatics Cobra - Melodics/Melody Loops/Cymatics - Cobra Melody Loop 22 - 160 BPM D Min.wav,Cymatics - Cobra Melody Loop 22 - 160 BPM D Min,,,,False
Cymatics Cobra - Melodics/Melody Loops/Cymatics - Cobra Melody Loop 23 - 160 BPM E Min.wav,Cymatics - Cobra Melody Loop 23 - 160 BPM E Min,,,,False
Cymatics Cobra - Melodics/Melody Loops/Cymatics - Cobra Melody Loop 24 - 160 BPM E Min.wav,Cymatics - Cobra Melody Loop 24 - 160 BPM E Min,,,,False
Cymatics Cobra - Melodics/Melody Loops/Cymatics - Cobra Melody Loop 25 - 160 BPM G# Min.wav,Cymatics - Cobra Melody Loop 25 - 160 BPM G# Min,,,,False
Cymatics Cobra - Melodics/Melody Loops/Cymatics - Cobra Melody Loop 26 - 160 BPM A Min.wav,Cymatics - Cobra Melody Loop 26 - 160 BPM A Min,,,,False
Cymatics Cobra - Melodics/Melody Loops/Cymatics - Cobra Melody Loop 27 - 160 BPM A Min.wav,Cymatics - Cobra Melody Loop 27 - 160 BPM A Min,,,,False
Cymatics Cobra - Melodics/Melody Loops/Cymatics - Cobra Melody Loop 28 - 170 BPM B Min.wav,Cymatics - Cobra Melody Loop 28 - 170 BPM B Min,,,,False
Cymatics Cobra - Melodics/Melody Loops/Cymatics - Cobra Melody Loop 29 - 180 BPM A# Min.wav,Cymatics - Cobra Melody Loop 29 - 180 BPM A# Min,,,,False
Cymatics Cobra - Melodics/Melody Loops/Cymatics - Cobra Melody Loop 3 - 110 BPM D Min.wav,Cymatics - Cobra Melody Loop 3 - 110 BPM D Min,,,,False
Cymatics Cobra - Melodics/Melody Loops/Cymatics - Cobra Melody Loop 4 - 110 BPM E Min.wav,Cymatics - Cobra Melody Loop 4 - 110 BPM E Min,,,,False
Cymatics Cobra - Melodics/Melody Loops/Cymatics - Cobra Melody Loop 5 - 110 BPM E Min.wav,Cymatics - Cobra Melody Loop 5 - 110 BPM E Min,,,,False
Cymatics Cobra - Melodics/Melody Loops/Cymatics - Cobra Melody Loop 6 - 110 BPM A# Min.wav,Cymatics - Cobra Melody Loop 6 - 110 BPM A# Min,,,,False
Cymatics Cobra - Melodics/Melody Loops/Cymatics - Cobra Melody Loop 7 - 128 BPM D Min.wav,Cymatics - Cobra Melody Loop 7 - 128 BPM D Min,,,,False
Cymatics Cobra - Melodics/Melody Loops/Cymatics - Cobra Melody Loop 8 - 128 BPM A# Min.wav,Cymatics - Cobra Melody Loop 8 - 128 BPM A# Min,,,,False
Cymatics Cobra - Melodics/Melody Loops/Cymatics - Cobra Melody Loop 9 - 130 BPM A# Min.wav,Cymatics - Cobra Melody Loop 9 - 130 BPM A# Min,,,,False
Cymatics Gems Vol 6 - Future RnB Melodies/Cymatics Gems Vol 6 - Bliss - 115 BPM A Min.wav,Cymatics Gems Vol 6 - Bliss - 115 BPM A Min,,,,False
Cymatics Gems Vol 6 - Future RnB Melodies/Cymatics Gems Vol 6 - Confessions - 105 BPM A Min.wav,Cymatics Gems Vol 6 - Confessions - 105 BPM A Min,,,,False
Cymatics Gems Vol 6 - Future RnB Melodies/Cymatics Gems Vol 6 - Crystals - 130 BPM G Min.wav,Cymatics Gems Vol 6 - Crystals - 130 BPM G Min,,,,False
Cymatics Gems Vol 6 - Future RnB Melodies/Cymatics Gems Vol 6 - Dawn - 94 BPM G Min.wav,Cymatics Gems Vol 6 - Dawn - 94 BPM G Min,,,,False
Cymatics Gems Vol 6 - Future RnB Melodies/Cymatics Gems Vol 6 - Deja Vu - 118 BPM C# Min.wav,Cymatics Gems Vol 6 - Deja Vu - 118 BPM C# Min,,,,False
Cymatics Gems Vol 6 - Future RnB Melodies/Cymatics Gems Vol 6 - Don_t Leave - 95 BPM D# Min.wav,Cymatics Gems Vol 6 - Don_t Leave - 95 BPM D# Min,,,,False
Cymatics Gems Vol 6 - Future RnB Melodies/Cymatics Gems Vol 6 - Fading Away - 102 BPM G Min.wav,Cymatics Gems Vol 6 - Fading Away - 102 BPM G Min,,,,False
Cymatics Gems Vol 6 - Future RnB Melodies/Cymatics Gems Vol 6 - Glowing - 94 BPM D# Min.wav,Cymatics Gems Vol 6 - Glowing - 94 BPM D# Min,,,,False
Cymatics Gems Vol 6 - Future RnB Melodies/Cymatics Gems Vol 6 - High - 117 BPM G# Min.wav,Cymatics Gems Vol 6 - High - 117 BPM G# Min,,,,False
Cymatics Gems Vol 6 - Future RnB Melodies/Cymatics Gems Vol 6 - In My Arms - 82 BPM A# Min.wav,Cymatics Gems Vol 6 - In My Arms - 82 BPM A# Min,,,,False
Cymatics Gems Vol 6 - Future RnB Melodies/Cymatics Gems Vol 6 - Lucid - 90 BPM F# Min.wav,Cymatics Gems Vol 6 - Lucid - 90 BPM F# Min,,,,False
Cymatics Gems Vol 6 - Future RnB Melodies/Cymatics Gems Vol 6 - Luxury - 110 BPM E Maj.wav,Cymatics Gems Vol 6 - Luxury - 110 BPM E Maj,,,,False
Cymatics Gems Vol 6 - Future RnB Melodies/Cymatics Gems Vol 6 - Midnight - 160 BPM A# Min.wav,Cymatics Gems Vol 6 - Midnight - 160 BPM A# Min,,,,False
Cymatics Gems Vol 6 - Future RnB Melodies/Cymatics Gems Vol 6 - Misunderstood - 142 BPM C Min.wav,Cymatics Gems Vol 6 - Misunderstood - 142 BPM C Min,,,,False
Cymatics Gems Vol 6 - Future RnB Melodies/Cymatics Gems Vol 6 - Never - 100 BPM F# Min.wav,Cymatics Gems Vol 6 - Never - 100 BPM F# Min,,,,False
Cymatics Gems Vol 6 - Future RnB Melodies/Cymatics Gems Vol 6 - Paradise - 110 BPM G# Min.wav,Cymatics Gems Vol 6 - Paradise - 110 BPM G# Min,,,,False
Cymatics Gems Vol 6 - Future RnB Melodies/Cymatics Gems Vol 6 - Potion - 112 BPM D Min.wav,Cymatics Gems Vol 6 - Potion - 112 BPM D Min,,,,False
Cymatics Gems Vol 6 - Future RnB Melodies/Cymatics Gems Vol 6 - Reflections - 135 BPM C# Min.wav,Cymatics Gems Vol 6 - Reflections - 135 BPM C# Min,,,,False
Cymatics Gems Vol 6 - Future RnB Melodies/Cymatics Gems Vol 6 - Secrets - 105 BPM A Min.wav,Cymatics Gems Vol 6 - Secrets - 105 BPM A Min,,,,False
Cymatics Gems Vol 6 - Future RnB Melodies/Cymatics Gems Vol 6 - Toronto - 105 BPM A Min.wav,Cymatics Gems Vol 6 - Toronto - 105 BPM A Min,,,,False
Cymatics Oracle/Melodies/Cymatics - Oracle Classic Melody Loop 1 - 86 BPM C Min.wav,Cymatics - Oracle Classic Melody Loop 1 - 86 BPM C Min,,,,False
Cymatics Oracle/Melodies/Cymatics - Oracle Classic Melody Loop 2 - 86 BPM F Min.wav,Cymatics - Oracle Classic Melody Loop 2 - 86 BPM F Min,,,,False
Cymatics Oracle/Melodies/Cymatics - Oracle Classic Melody Loop 3 - 88 BPM C Min.wav,Cymatics - Oracle Classic Melody Loop 3 - 88 BPM C Min,,,,False
Cymatics Oracle/Melodies/Cymatics - Oracle Classic Melody Loop 4 - 88 BPM A Min.wav,Cymatics - Oracle Classic Melody Loop 4 - 88 BPM A Min,,,,False
Cymatics Oracle/Melodies/Cymatics - Oracle Classic Melody Loop 5 - 88 BPM A# Min.wav,Cymatics - Oracle Classic Melody Loop 5 - 88 BPM A# Min,,,,False
Cymatics Oracle/Melodies/Cymatics - Oracle Classic Melody Loop 6 - 97 BPM C Min.wav,Cymatics - Oracle Classic Melody Loop 6 - 97 BPM C Min,,,,False
Cymatics Oracle/Melodies/Cymatics - Oracle Classic Melody Loop 7 - 145 BPM D# Min.wav,Cymatics - Oracle Classic Melody Loop 7 - 145 BPM D# Min,,,,False
Cymatics Oracle/Melodies/Cymatics - Oracle Dark Melody Loop 1 - 89 BPM F# Min.wav,Cymatics - Oracle Dark Melody Loop 1 - 89 BPM F# Min,,,,False
Cymatics Oracle/Melodies/Cymatics - Oracle Dark Melody Loop 10 - 140 BPM B Min.wav,Cymatics - Oracle Dark Melody Loop 10 - 140 BPM B Min,,,,False
Cymatics Oracle/Melodies/Cymatics - Oracle Dark Melody Loop 11 - 146 BPM D Min.wav,Cymatics - Oracle Dark Melody Loop 11 - 146 BPM D Min,,,,False
Cymatics Oracle/Melodies/Cymatics - Oracle Dark Melody Loop 12 - 150 BPM D Min.wav,Cymatics - Oracle Dark Melody Loop 12 - 150 BPM D Min,,,,False
Cymatics Oracle/Melodies/Cymatics - Oracle Dark Melody Loop 13 - 160 BPM G Min.wav,Cymatics - Oracle Dark Melody Loop 13 - 160 BPM G Min,,,,False
Cymatics Oracle/Melodies/Cymatics - Oracle Dark Melody Loop 14 - 163 BPM A Min.wav,Cymatics - Oracle Dark Melody Loop 14 - 163 BPM A Min,,,,False
Cymatics Oracle/Melodies/Cymatics - Oracle Dark Melody Loop 15 - 167 BPM B Min.wav,Cymatics - Oracle Dark Melody Loop 15 - 167 BPM B Min,,,,False
Cymatics Oracle/Melodies/Cymatics - Oracle Dark Melody Loop 16 - 170 BPM G Min.wav,Cymatics - Oracle Dark Melody Loop 16 - 170 BPM G Min,,,,False
Cymatics Oracle/Melodies/Cymatics - Oracle Dark Melody Loop 17 - 172 BPM C# Min.wav,Cymatics - Oracle Dark Melody Loop 17 - 172 BPM C# Min,,,,False
Cymatics Oracle/Melodies/Cymatics - Oracle Dark Melody Loop 18 - 177 BPM F Min.wav,Cymatics - Oracle Dark Melody Loop 18 - 177 BPM F Min,,,,False
Cymatics Oracle/Melodies/Cymatics - Oracle Dark Melody Loop 19 - 180 BPM B Min.wav,Cymatics - Oracle Dark Melody Loop 19 - 180 BPM B Min,,,,False
Cymatics Oracle/Melodies/Cymatics - Oracle Dark Melody Loop 2 - 105 BPM F# Min.wav,Cymatics - Oracle Dark Melody Loop 2 - 105 BPM F# Min,,,,False
Cymatics Oracle/Melodies/Cymatics - Oracle Dark Melody Loop 3 - 112 BPM E Min.wav,Cymatics - Oracle Dark Melody Loop 3 - 112 BPM E Min,,,,False
Cymatics Oracle/Melodies/Cymatics - Oracle Dark Melody Loop 4 - 130 BPM D Min.wav,Cymatics - Oracle Dark Melody Loop 4 - 130 BPM D Min,,,,False
Cymatics Oracle/Melodies/Cymatics - Oracle Dark Melody Loop 5 - 130 BPM A Min.wav,Cymatics - Oracle Dark Melody Loop 5 - 130 BPM A Min,,,,False
Cymatics Oracle/Melodies/Cymatics - Oracle Dark Melody Loop 6 - 133 BPM G Min.wav,Cymatics - Oracle Dark Melody Loop 6 - 133 BPM G Min,,,,False
Cymatics Oracle/Melodies/Cymatics - Oracle Dark Melody Loop 7 - 135 BPM A# Min.wav,Cymatics - Oracle Dark Melody Loop 7 - 135 BPM A# Min,,,,False
Cymatics Oracle/Melodies/Cymatics - Oracle Dark Melody Loop 8 - 137 BPM F Min.wav,Cymatics - Oracle Dark Melody Loop 8 - 137 BPM F Min,,,,False
Cymatics Oracle/Melodies/Cymatics - Oracle Dark Melody Loop 9 - 140 BPM C Min.wav,Cymatics - Oracle Dark Melody Loop 9 - 140 BPM C Min,,,,False
Cymatics Oracle/Melodies/Cymatics - Oracle Happy Melody Loop 1 - 120 BPM C Maj.wav,Cymatics - Oracle Happy Melody Loop 1 - 120 BPM C Maj,,,,False
Cymatics Oracle/Melodies/Cymatics - Oracle Happy Melody Loop 2 - 140 BPM C Min.wav,Cymatics - Oracle Happy Melody Loop 2 - 140 BPM C Min,,,,False
Cymatics Oracle/Melodies/Cymatics - Oracle Happy Melody Loop 3 - 150 BPM F Maj.wav,Cymatics - Oracle Happy Melody Loop 3 - 150 BPM F Maj,,,,False
Cymatics Oracle/Melodies/Cymatics - Oracle Happy Melody Loop 4 - 154 BPM E Maj.wav,Cymatics - Oracle Happy Melody Loop 4 - 154 BPM E Maj,,,,False
Cymatics Oracle/Melodies/Cymatics - Oracle Happy Melody Loop 5 - 155 BPM F Min.wav,Cymatics - Oracle Happy Melody Loop 5 - 155 BPM F Min,,,,False
Cymatics Oracle/Melodies/Cymatics - Oracle Happy Melody Loop 6 - 175 BPM F# Min.wav,Cymatics - Oracle Happy Melody Loop 6 - 175 BPM F# Min,,,,False
Cymatics Oracle/Melodies/Cymatics - Oracle Lofi Melody Loop 1 - 70 BPM A Maj.wav,Cymatics - Oracle Lofi Melody Loop 1 - 70 BPM A Maj,,,,False
Cymatics Oracle/Melodies/Cymatics - Oracle Lofi Melody Loop 2 - 82 BPM D Maj.wav,Cymatics - Oracle Lofi Melody Loop 2 - 82 BPM D Maj,,,,False
Cymatics Oracle/Melodies/Cymatics - Oracle Lofi Melody Loop 3 - 84 BPM C Min.wav,Cymatics - Oracle Lofi Melody Loop 3 - 84 BPM C Min,,,,False
Cymatics Oracle/Melodies/Cymatics - Oracle Lofi Melody Loop 4 - 84 BPM B Min.wav,Cymatics - Oracle Lofi Melody Loop 4 - 84 BPM B Min,,,,False
Cymatics Oracle/Melodies/Cymatics - Oracle Nostalgic Melody Loop 1 - 97 BPM G# Maj.wav,Cymatics - Oracle Nostalgic Melody Loop 1 - 97 BPM G# Maj,,,,False
Cymatics Oracle/Melodies/Cymatics - Oracle Nostalgic Melody Loop 10 - 140 BPM F Min.wav,Cymatics - Oracle Nostalgic Melody Loop 10 - 140 BPM F Min,,,,False
Cymatics Oracle/Melodies/Cymatics - Oracle Nostalgic Melody Loop 11 - 140 BPM G# Min.wav,Cymatics - Oracle Nostalgic Melody Loop 11 - 140 BPM G# Min,,,,False
Cymatics Oracle/Melodies/Cymatics - Oracle Nostalgic Melody Loop 12 - 143 BPM F Maj.wav,Cymatics - Oracle Nostalgic Melody Loop 12 - 143 BPM F Maj,,,,False
Cymatics Oracle/Melodies/Cymatics - Oracle Nostalgic Melody Loop 13 - 150 BPM F Min.wav,Cymatics - Oracle Nostalgic Melody Loop 13 - 150 BPM F Min,,,,False
Cymatics Oracle/Melodies/Cymatics - Oracle Nostalgic Melody Loop 14 - 152 BPM A Min.wav,Cymatics - Oracle Nostalgic Melody Loop 14 - 152 BPM A Min,,,,False
Cymatics Oracle/Melodies/Cymatics - Oracle Nostalgic Melody Loop 15 - 155 BPM F Min.wav,Cymatics - Oracle Nostalgic Melody Loop 15 - 155 BPM F Min,,,,False
Cymatics Oracle/Melodies/Cymatics - Oracle Nostalgic Melody Loop 16 - 170 BPM D# Min.wav,Cymatics - Oracle Nostalgic Melody Loop 16 - 170 BPM D# Min,,,,False
Cymatics Oracle/Melodies/Cymatics - Oracle Nostalgic Melody Loop 17 - 172 BPM C# Min.wav,Cymatics - Oracle Nostalgic Melody Loop 17 - 172 BPM C# Min,,,,False
Cymatics Oracle/Melodies/Cymatics - Oracle Nostalgic Melody Loop 2 - 99 BPM F# Maj.wav,Cymatics - Oracle Nostalgic Melody Loop 2 - 99 BPM F# Maj,,,,False
Cymatics Oracle/Melodies/Cymatics - Oracle Nostalgic Melody Loop 3 - 120 BPM A# Min.wav,Cymatics - Oracle Nostalgic Melody Loop 3 - 120 BPM A# Min,,,,False
Cymatics Oracle/Melodies/Cymatics - Oracle Nostalgic Melody Loop 4 - 125 BPM B Min.wav,Cymatics - Oracle Nostalgic Melody Loop 4 - 125 BPM B Min,,,,False
Cymatics Oracle/Melodies/Cymatics - Oracle Nostalgic Melody Loop 5 - 130 BPM C Min.wav,Cymatics - Oracle Nostalgic Melody Loop 5 - 130 BPM C Min,,,,False
Cymatics Oracle/Melodies/Cymatics - Oracle Nostalgic Melody Loop 6 - 140 BPM C Min.wav,Cymatics - Oracle Nostalgic Melody Loop 6 - 140 BPM C Min,,,,False
Cymatics Oracle/Melodies/Cymatics - Oracle Nostalgic Melody Loop 7 - 140 BPM C# Min.wav,Cymatics - Oracle Nostalgic Melody Loop 7 - 140 BPM C# Min,,,,False
Cymatics Oracle/Melodies/Cymatics - Oracle Nostalgic Melody Loop 8 - 140 BPM E Min.wav,Cymatics - Oracle Nostalgic Melody Loop 8 - 140 BPM E Min,,,,False
Cymatics Oracle/Melodies/Cymatics - Oracle Nostalgic Melody Loop 9 - 140 BPM F Min.wav,Cymatics - Oracle Nostalgic Melody Loop 9 - 140 BPM F Min,,,,False
Cymatics Oracle/Melodies/Cymatics - Oracle R&B Melody Loop 1 - 90 BPM D# Min.wav,Cymatics - Oracle R&B Melody Loop 1 - 90 BPM D# Min,,,,False
Cymatics Oracle/Melodies/Cymatics - Oracle R&B Melody Loop 2 - 100 BPM D Min.wav,Cymatics - Oracle R&B Melody Loop 2 - 100 BPM D Min,,,,False
Cymatics Oracle/Melodies/Cymatics - Oracle R&B Melody Loop 3 - 130 BPM G Min.wav,Cymatics - Oracle R&B Melody Loop 3 - 130 BPM G Min,,,,False
Cymatics Oracle/Melodies/Cymatics - Oracle R&B Melody Loop 4 - 130 BPM A Min.wav,Cymatics - Oracle R&B Melody Loop 4 - 130 BPM A Min,,,,False
Cymatics Oracle/Melodies/Cymatics - Oracle R&B Melody Loop 5 - 134 BPM A Min.wav,Cymatics - Oracle R&B Melody Loop 5 - 134 BPM A Min,,,,False
Cymatics Oracle/Melodies/Cymatics - Oracle Reverse Melody Loop 1 - 120 BPM C Min.wav,Cymatics - Oracle Reverse Melody Loop 1 - 120 BPM C Min,,,,False
Cymatics Oracle/Melodies/Cymatics - Oracle Reverse Melody Loop 2 - 130 BPM E Min.wav,Cymatics - Oracle Reverse Melody Loop 2 - 130 BPM E Min,,,,False
Cymatics Oracle/Melodies/Cymatics - Oracle Reverse Melody Loop 3 - 133 BPM E Min.wav,Cymatics - Oracle Reverse Melody Loop 3 - 133 BPM E Min,,,,False
Cymatics Oracle/Melodies/Cymatics - Oracle Reverse Melody Loop 4 - 140 BPM E Min.wav,Cymatics - Oracle Reverse Melody Loop 4 - 140 BPM E Min,,,,False
Cymatics Oracle/Melodies/Cymatics - Oracle Sad Melody Loop 1 - 120 BPM C Min.wav,Cymatics - Oracle Sad Melody Loop 1 - 120 BPM C Min,,,,False
Cymatics Oracle/Melodies/Cymatics - Oracle Sad Melody Loop 2 - 123 BPM E Min.wav,Cymatics - Oracle Sad Melody Loop 2 - 123 BPM E Min,,,,False
Cymatics Oracle/Melodies/Cymatics - Oracle Sad Melody Loop 3 - 123 BPM G# Min.wav,Cymatics - Oracle Sad Melody Loop 3 - 123 BPM G# Min,,,,False
Cymatics Oracle/Melodies/Cymatics - Oracle Sad Melody Loop 4 - 130 BPM F# Min.wav,Cymatics - Oracle Sad Melody Loop 4 - 130 BPM F# Min,,,,False
Cymatics Oracle/Melodies/Cymatics - Oracle Sad Melody Loop 5 - 130 BPM A Min.wav,Cymatics - Oracle Sad Melody Loop 5 - 130 BPM A Min,,,,False
Cymatics Oracle/Melodies/Cymatics - Oracle Sad Melody Loop 6 - 130 BPM B Min.wav,Cymatics - Oracle Sad Melody Loop 6 - 130 BPM B Min,,,,False
Cymatics Oracle/Melodies/Cymatics - Oracle Sad Melody Loop 7 - 140 BPM E Min.wav,Cymatics - Oracle Sad Melody Loop 7 - 140 BPM E Min,,,,False
Cymatics Oracle/Melodies/Cymatics - Oracle Sad Melody Loop 8 - 140 BPM F# Min.wav,Cymatics - Oracle Sad Melody Loop 8 - 140 BPM F# Min,,,,False
Cymatics Oracle/Melodies/Cymatics - Oracle Simple Melody Loop 1 - 86 BPM D# Min.wav,Cymatics - Oracle Simple Melody Loop 1 - 86 BPM D# Min,,,,False
Cymatics Oracle/Melodies/Cymatics - Oracle Simple Melody Loop 2 - 120 BPM D Min.wav,Cymatics - Oracle Simple Melody Loop 2 - 120 BPM D Min,,,,False
Cymatics Oracle/Melodies/Cymatics - Oracle Simple Melody Loop 3 - 141 BPM C Min.wav,Cymatics - Oracle Simple Melody Loop 3 - 141 BPM C Min,,,,False
Cymatics Oracle/Melodies/Cymatics - Oracle Simple Melody Loop 4 - 150 BPM C Min.wav,Cymatics - Oracle Simple Melody Loop 4 - 150 BPM C Min,,,,False
Cymatics Oracle/Melodies/Cymatics - Oracle Simple Melody Loop 5 - 151 BPM C Min.wav,Cymatics - Oracle Simple Melody Loop 5 - 151 BPM C Min,,,,False
Cymatics Oracle/Melodies/Cymatics - Oracle Various Melody Loop 1 - 71 BPM D# Min.wav,Cymatics - Oracle Various Melody Loop 1 - 71 BPM D# Min,,,,False
Cymatics Oracle/Melodies/Cymatics - Oracle Various Melody Loop 1 - 71 BPM D# Min1.wav,Cymatics - Oracle Various Melody Loop 1 - 71 BPM D# Min1,,,,False
Cymatics Oracle/Melodies/Cymatics - Oracle Various Melody Loop 10 - 134 BPM G Min.wav,Cymatics - Oracle Various Melody Loop 10 - 134 BPM G Min,,,,False
Cymatics Oracle/Melodies/Cymatics - Oracle Various Melody Loop 11 - 136 BPM C Min.wav,Cymatics - Oracle Various Melody Loop 11 - 136 BPM C Min,,,,False
Cymatics Oracle/Melodies/Cymatics - Oracle Various Melody Loop 12 - 140 BPM A Min.wav,Cymatics - Oracle Various Melody Loop 12 - 140 BPM A Min,,,,False
Cymatics Oracle/Melodies/Cymatics - Oracle Various Melody Loop 13 - 143 BPM F# Min.wav,Cymatics - Oracle Various Melody Loop 13 - 143 BPM F# Min,,,,False
Cymatics Oracle/Melodies/Cymatics - Oracle Various Melody Loop 14 - 145 BPM C Min.wav,Cymatics - Oracle Various Melody Loop 14 - 145 BPM C Min,,,,False
Cymatics Oracle/Melodies/Cymatics - Oracle Various Melody Loop 15 - 150 BPM E Min.wav,Cymatics - Oracle Various Melody Loop 15 - 150 BPM E Min,,,,False
Cymatics Oracle/Melodies/Cymatics - Oracle Various Melody Loop 16 - 150 BPM A Min.wav,Cymatics - Oracle Various Melody Loop 16 - 150 BPM A Min,,,,False
Cymatics Oracle/Melodies/Cymatics - Oracle Various Melody Loop 17 - 155 BPM D# Min.wav,Cymatics - Oracle Various Melody Loop 17 - 155 BPM D# Min,,,,False
Cymatics Oracle/Melodies/Cymatics - Oracle Various Melody Loop 18 - 156 BPM C# Min.wav,Cymatics - Oracle Various Melody Loop 18 - 156 BPM C# Min,,,,False
Cymatics Oracle/Melodies/Cymatics - Oracle Various Melody Loop 19 - 160 BPM F Min.wav,Cymatics - Oracle Various Melody Loop 19 - 160 BPM F Min,,,,False
Cymatics Oracle/Melodies/Cymatics - Oracle Various Melody Loop 2 - 80 BPM D Min.wav,Cymatics - Oracle Various Melody Loop 2 - 80 BPM D Min,,,,False
Cymatics Oracle/Melodies/Cymatics - Oracle Various Melody Loop 20 - 165 BPM D Min.wav,Cymatics - Oracle Various Melody Loop 20 - 165 BPM D Min,,,,False
Cymatics Oracle/Melodies/Cymatics - Oracle Various Melody Loop 21 - 168 BPM F# Min.wav,Cymatics - Oracle Various Melody Loop 21 - 168 BPM F# Min,,,,False
Cymatics Oracle/Melodies/Cymatics - Oracle Various Melody Loop 3 - 125 BPM G# Min.wav,Cymatics - Oracle Various Melody Loop 3 - 125 BPM G# Min,,,,False
Cymatics Oracle/Melodies/Cymatics - Oracle Various Melody Loop 4 - 126 BPM B Min.wav,Cymatics - Oracle Various Melody Loop 4 - 126 BPM B Min,,,,False
Cymatics Oracle/Melodies/Cymatics - Oracle Various Melody Loop 5 - 127 BPM E Min.wav,Cymatics - Oracle Various Melody Loop 5 - 127 BPM E Min,,,,False
Cymatics Oracle/Melodies/Cymatics - Oracle Various Melody Loop 6 - 128 BPM A Min.wav,Cymatics - Oracle Various Melody Loop 6 - 128 BPM A Min,,,,False
Cymatics Oracle/Melodies/Cymatics - Oracle Various Melody Loop 7 - 129 BPM F# Min.wav,Cymatics - Oracle Various Melody Loop 7 - 129 BPM F# Min,,,,False
Cymatics Oracle/Melodies/Cymatics - Oracle Various Melody Loop 8 - 130 BPM C# Min.wav,Cymatics - Oracle Various Melody Loop 8 - 130 BPM C# Min,,,,False
Cymatics Oracle/Melodies/Cymatics - Oracle Various Melody Loop 9 - 130 BPM G# Min.wav,Cymatics - Oracle Various Melody Loop 9 - 130 BPM G# Min,,,,False
Cymatics_2020_Melody_Collection/Cymatics - 2020 Classic Melody Loop 1 - 90 BPM D Maj.wav,Cymatics - 2020 Classic Melody Loop 1 - 90 BPM D Maj,,,,False
Cymatics_2020_Melody_Collection/Cymatics - 2020 Classic Melody Loop 2 - 155 BPM D# Min.wav,Cymatics - 2020 Classic Melody Loop 2 - 155 BPM D# Min,,,,False
Cymatics_2020_Melody_Collection/Cymatics - 2020 Classic Melody Loop 3 - 160 BPM A Min.wav,Cymatics - 2020 Classic Melody Loop 3 - 160 BPM A Min,,,,False
Cymatics_2020_Melody_Collection/Cymatics - 2020 Classic Melody Loop 4 - 165 BPM D# Min.wav,Cymatics - 2020 Classic Melody Loop 4 - 165 BPM D# Min,,,,False
Cymatics_2020_Melody_Collection/Cymatics - 2020 Dark Melody Loop 1 - 83 BPM C Min.wav,Cymatics - 2020 Dark Melody Loop 1 - 83 BPM C Min,,,,False
Cymatics_2020_Melody_Collection/Cymatics - 2020 Dark Melody Loop 10 - 170 BPM F# Min.wav,Cymatics - 2020 Dark Melody Loop 10 - 170 BPM F# Min,,,,False
Cymatics_2020_Melody_Collection/Cymatics - 2020 Dark Melody Loop 11 - 170 BPM F# Min.wav,Cymatics - 2020 Dark Melody Loop 11 - 170 BPM F# Min,,,,False
Cymatics_2020_Melody_Collection/Cymatics - 2020 Dark Melody Loop 12 - 170 BPM B Min.wav,Cymatics - 2020 Dark Melody Loop 12 - 170 BPM B Min,,,,False
Cymatics_2020_Melody_Collection/Cymatics - 2020 Dark Melody Loop 2 - 100 BPM G# Min.wav,Cymatics - 2020 Dark Melody Loop 2 - 100 BPM G# Min,,,,False
Cymatics_2020_Melody_Collection/Cymatics - 2020 Dark Melody Loop 3 - 126 BPM B Min.wav,Cymatics - 2020 Dark Melody Loop 3 - 126 BPM B Min,,,,False
Cymatics_2020_Melody_Collection/Cymatics - 2020 Dark Melody Loop 4 - 128 BPM C Min.wav,Cymatics - 2020 Dark Melody Loop 4 - 128 BPM C Min,,,,False
Cymatics_2020_Melody_Collection/Cymatics - 2020 Dark Melody Loop 5 - 139 BPM A Min.wav,Cymatics - 2020 Dark Melody Loop 5 - 139 BPM A Min,,,,False
Cymatics_2020_Melody_Collection/Cymatics - 2020 Dark Melody Loop 6 - 152 BPM D Min.wav,Cymatics - 2020 Dark Melody Loop 6 - 152 BPM D Min,,,,False
Cymatics_2020_Melody_Collection/Cymatics - 2020 Dark Melody Loop 7 - 155 BPM A# Min.wav,Cymatics - 2020 Dark Melody Loop 7 - 155 BPM A# Min,,,,False
Cymatics_2020_Melody_Collection/Cymatics - 2020 Dark Melody Loop 8 - 156 BPM D# Min.wav,Cymatics - 2020 Dark Melody Loop 8 - 156 BPM D# Min,,,,False
Cymatics_2020_Melody_Collection/Cymatics - 2020 Dark Melody Loop 9 - 160 BPM F Min.wav,Cymatics - 2020 Dark Melody Loop 9 - 160 BPM F Min,,,,False
Cymatics_2020_Melody_Collection/Cymatics - 2020 Lofi Melody Loop 1 - 80 BPM D# Min.wav,Cymatics - 2020 Lofi Melody Loop 1 - 80 BPM D# Min,,,,False
Cymatics_2020_Melody_Collection/Cymatics - 2020 Lofi Melody Loop 2 - 90 BPM C Min.wav,Cymatics - 2020 Lofi Melody Loop 2 - 90 BPM C Min,,,,False
Cymatics_2020_Melody_Collection/Cymatics - 2020 Nostalgic Melody Loop 1 - 90 BPM E Min.wav,Cymatics - 2020 Nostalgic Melody Loop 1 - 90 BPM E Min,,,,False
Cymatics_2020_Melody_Collection/Cymatics - 2020 Nostalgic Melody Loop 10 - 160 BPM A Min.wav,Cymatics - 2020 Nostalgic Melody Loop 10 - 160 BPM A Min,,,,False
Cymatics_2020_Melody_Collection/Cymatics - 2020 Nostalgic Melody Loop 11 - 160 BPM A# Maj.wav,Cymatics - 2020 Nostalgic Melody Loop 11 - 160 BPM A# Maj,,,,False
Cymatics_2020_Melody_Collection/Cymatics - 2020 Nostalgic Melody Loop 12 - 160 BPM A# Min.wav,Cymatics - 2020 Nostalgic Melody Loop 12 - 160 BPM A# Min,,,,False
Cymatics_2020_Melody_Collection/Cymatics - 2020 Nostalgic Melody Loop 2 - 110 BPM A# Min.wav,Cymatics - 2020 Nostalgic Melody Loop 2 - 110 BPM A# Min,,,,False
Cymatics_2020_Melody_Collection/Cymatics - 2020 Nostalgic Melody Loop 3 - 140 BPM E Min.wav,Cymatics - 2020 Nostalgic Melody Loop 3 - 140 BPM E Min,,,,False
Cymatics_2020_Melody_Collection/Cymatics - 2020 Nostalgic Melody Loop 4 - 147 BPM A# Min.wav,Cymatics - 2020 Nostalgic Melody Loop 4 - 147 BPM A# Min,,,,False
Cymatics_2020_Melody_Collection/Cymatics - 2020 Nostalgic Melody Loop 5 - 150 BPM C# Min.wav,Cymatics - 2020 Nostalgic Melody Loop 5 - 150 BPM C# Min,,,,False
Cymatics_2020_Melody_Collection/Cymatics - 2020 Nostalgic Melody Loop 6 - 150 BPM E Min.wav,Cymatics - 2020 Nostalgic Melody Loop 6 - 150 BPM E Min,,,,False
Cymatics_2020_Melody_Collection/Cymatics - 2020 Nostalgic Melody Loop 7 - 150 BPM B Min.wav,Cymatics - 2020 Nostalgic Melody Loop 7 - 150 BPM B Min,,,,False
Cymatics_2020_Melody_Collection/Cymatics - 2020 Nostalgic Melody Loop 8 - 160 BPM G Min.wav,Cymatics - 2020 Nostalgic Melody Loop 8 - 160 BPM G Min,,,,False
Cymatics_2020_Melody_Collection/Cymatics - 2020 Nostalgic Melody Loop 9 - 160 BPM G# Min.wav,Cymatics - 2020 Nostalgic Melody Loop 9 - 160 BPM G# Min,,,,False
Cymatics_2020_Melody_Collection/Cymatics - 2020 Various Melody Loop 1 - 100 BPM F Min.wav,Cymatics - 2020 Various Melody Loop 1 - 100 BPM F Min,,,,False
Cymatics_2020_Melody_Collection/Cymatics - 2020 Various Melody Loop 10 - 170 BPM C Min.wav,Cymatics - 2020 Various Melody Loop 10 - 170 BPM C Min,,,,False
Cymatics_2020_Melody_Collection/Cymatics - 2020 Various Melody Loop 2 - 100 BPM A# Min.wav,Cymatics - 2020 Various Melody Loop 2 - 100 BPM A# Min,,,,False
Cymatics_2020_Melody_Collection/Cymatics - 2020 Various Melody Loop 3 - 110 BPM G Min.wav,Cymatics - 2020 Various Melody Loop 3 - 110 BPM G Min,,,,False
Cymatics_2020_Melody_Collection/Cymatics - 2020 Various Melody Loop 4 - 130 BPM A Min.wav,Cymatics - 2020 Various Melody Loop 4 - 130 BPM A Min,,,,False
Cymatics_2020_Melody_Collection/Cymatics - 2020 Various Melody Loop 5 - 135 BPM C Min.wav,Cymatics - 2020 Various Melody Loop 5 - 135 BPM C Min,,,,False
Cymatics_2020_Melody_Collection/Cymatics - 2020 Various Melody Loop 6 - 145 BPM B Min.wav,Cymatics - 2020 Various Melody Loop 6 - 145 BPM B Min,,,,False
Cymatics_2020_Melody_Collection/Cymatics - 2020 Various Melody Loop 7 - 145 BPM F# Min.wav,Cymatics - 2020 Various Melody Loop 7 - 145 BPM F# Min,,,,False
Cymatics_2020_Melody_Collection/Cymatics - 2020 Various Melody Loop 8 - 150 BPM C# Min.wav,Cymatics - 2020 Various Melody Loop 8 - 150 BPM C# Min,,,,False
Cymatics_2020_Melody_Collection/Cymatics - 2020 Various Melody Loop 9 - 150 BPM F Min.wav,Cymatics - 2020 Various Melody Loop 9 - 150 BPM F Min,,,,False
Cymatics_Dragon_1/Classic/Cymatics - Dragon Classic Loop - Art Show - 83 BPM F Maj.wav,Cymatics - Dragon Classic Loop - Art Show - 83 BPM F Maj,,,,False
Cymatics_Dragon_1/Classic/Cymatics - Dragon Classic Loop - Bright Lights - 80 BPM F# Maj.wav,Cymatics - Dragon Classic Loop - Bright Lights - 80 BPM F# Maj,,,,False
Cymatics_Dragon_1/Classic/Cymatics - Dragon Classic Loop - Cadillac - 75 BPM G Min.wav,Cymatics - Dragon Classic Loop - Cadillac - 75 BPM G Min,,,,False
Cymatics_Dragon_1/Classic/Cymatics - Dragon Classic Loop - Caviar - 85 BPM D Min.wav,Cymatics - Dragon Classic Loop - Caviar - 85 BPM D Min,,,,False
Cymatics_Dragon_1/Classic/Cymatics - Dragon Classic Loop - Chanel - 90 BPM A# Min.wav,Cymatics - Dragon Classic Loop - Chanel - 90 BPM A# Min,,,,False
Cymatics_Dragon_1/Classic/Cymatics - Dragon Classic Loop - Designer - 95 BPM C Min.wav,Cymatics - Dragon Classic Loop - Designer - 95 BPM C Min,,,,False
Cymatics_Dragon_1/Classic/Cymatics - Dragon Classic Loop - Finest - 80 BPM G Min.wav,Cymatics - Dragon Classic Loop - Finest - 80 BPM G Min,,,,False
Cymatics_Dragon_1/Classic/Cymatics - Dragon Classic Loop - French Wine - 80 BPM F Min.wav,Cymatics - Dragon Classic Loop - French Wine - 80 BPM F Min,,,,False
Cymatics_Dragon_1/Classic/Cymatics - Dragon Classic Loop - High Fashion - 100 BPM E Min.wav,Cymatics - Dragon Classic Loop - High Fashion - 100 BPM E Min,,,,False
Cymatics_Dragon_1/Classic/Cymatics - Dragon Classic Loop - Lifestyle - 75 BPM E Maj.wav,Cymatics - Dragon Classic Loop - Lifestyle - 75 BPM E Maj,,,,False
Cymatics_Dragon_1/Classic/Cymatics - Dragon Classic Loop - Luxe - 170 BPM B Min.wav,Cymatics - Dragon Classic Loop - Luxe - 170 BPM B Min,,,,False
Cymatics_Dragon_1/Classic/Cymatics - Dragon Classic Loop - Old Times - 90 BPM D# Min.wav,Cymatics - Dragon Classic Loop - Old Times - 90 BPM D# Min,,,,False
Cymatics_Dragon_1/Classic/Cymatics - Dragon Classic Loop - Seduction - 74 BPM A# Min.wav,Cymatics - Dragon Classic Loop - Seduction - 74 BPM A# Min,,,,False
Cymatics_Dragon_1/Classic/Cymatics - Dragon Classic Loop - Sleek - 100 BPM E Min.wav,Cymatics - Dragon Classic Loop - Sleek - 100 BPM E Min,,,,False
Cymatics_Dragon_1/Classic/Cymatics - Dragon Classic Loop - Souvenir - 85 BPM G# Min.wav,Cymatics - Dragon Classic Loop - Souvenir - 85 BPM G# Min,,,,False
Cymatics_Dragon_1/Classic/Cymatics - Dragon Classic Loop - Ten Out Of Ten - 130 BPM B Min.wav,Cymatics - Dragon Classic Loop - Ten Out Of Ten - 130 BPM B Min,,,,False
Cymatics_Dragon_1/Classic/Cymatics - Dragon Classic Loop - Upscale - 74 BPM B Min.wav,Cymatics - Dragon Classic Loop - Upscale - 74 BPM B Min,,,,False
Cymatics_Dragon_1/Dark/Cymatics - Dragon Dark Loop - Antichrist - 130 BPM F Min.wav,Cymatics - Dragon Dark Loop - Antichrist - 130 BPM F Min,,,,False
Cymatics_Dragon_1/Dark/Cymatics - Dragon Dark Loop - Bad Santa - 140 BPM A Min.wav,Cymatics - Dragon Dark Loop - Bad Santa - 140 BPM A Min,,,,False
Cymatics_Dragon_1/Dark/Cymatics - Dragon Dark Loop - Bando - 140 BPM C# Min.wav,Cymatics - Dragon Dark Loop - Bando - 140 BPM C# Min,,,,False
Cymatics_Dragon_1/Dark/Cymatics - Dragon Dark Loop - Casualties - 142 BPM A# Min.wav,Cymatics - Dragon Dark Loop - Casualties - 142 BPM A# Min,,,,False
Cymatics_Dragon_1/Dark/Cymatics - Dragon Dark Loop - Curse - 120 BPM E Min.wav,Cymatics - Dragon Dark Loop - Curse - 120 BPM E Min,,,,False
Cymatics_Dragon_1/Dark/Cymatics - Dragon Dark Loop - Gods - 128 BPM D Harmonic Min.wav,Cymatics - Dragon Dark Loop - Gods - 128 BPM D Harmonic Min,,,,False
Cymatics_Dragon_1/Dark/Cymatics - Dragon Dark Loop - Guerilla - 142 BPM C Min.wav,Cymatics - Dragon Dark Loop - Guerilla - 142 BPM C Min,,,,False
Cymatics_Dragon_1/Dark/Cymatics - Dragon Dark Loop - Invaders - 140 BPM B Min.wav,Cymatics - Dragon Dark Loop - Invaders - 140 BPM B Min,,,,False
Cymatics_Dragon_1/Dark/Cymatics - Dragon Dark Loop - Menace - 130 BPM D Min.wav,Cymatics - Dragon Dark Loop - Menace - 130 BPM D Min,,,,False
Cymatics_Dragon_1/Dark/Cymatics - Dragon Dark Loop - Mortals - 140 BPM D Min.wav,Cymatics - Dragon Dark Loop - Mortals - 140 BPM D Min,,,,False
Cymatics_Dragon_1/Dark/Cymatics - Dragon Dark Loop - Power - 136 BPM G Min.wav,Cymatics - Dragon Dark Loop - Power - 136 BPM G Min,,,,False
Cymatics_Dragon_1/Dark/Cymatics - Dragon Dark Loop - Purple Skies - 160 BPM C# Min.wav,Cymatics - Dragon Dark Loop - Purple Skies - 160 BPM C# Min,,,,False
Cymatics_Dragon_1/Dark/Cymatics - Dragon Dark Loop - Reality - 140 BPM G Min.wav,Cymatics - Dragon Dark Loop - Reality - 140 BPM G Min,,,,False
Cymatics_Dragon_1/Dark/Cymatics - Dragon Dark Loop - Regime - 150 BPM G Min.wav,Cymatics - Dragon Dark Loop - Regime - 150 BPM G Min,,,,False
Cymatics_Dragon_1/Dark/Cymatics - Dragon Dark Loop - Sins - 146 BPM A Min.wav,Cymatics - Dragon Dark Loop - Sins - 146 BPM A Min,,,,False
Cymatics_Dragon_1/Dark/Cymatics - Dragon Dark Loop - Terminal - 153 BPM E Min.wav,Cymatics - Dragon Dark Loop - Terminal - 153 BPM E Min,,,,False
Cymatics_Dragon_1/Dark/Cymatics - Dragon Dark Loop - Traitor - 128 BPM G Min.wav,Cymatics - Dragon Dark Loop - Traitor - 128 BPM G Min,,,,False
Cymatics_Dragon_1/Dark/Cymatics - Dragon Dark Loop - Treachery - 146 BPM C# Min.wav,Cymatics - Dragon Dark Loop - Treachery - 146 BPM C# Min,,,,False
Cymatics_Dragon_1/Dark/Cymatics - Dragon Dark Loop - Trenches - 160 BPM B Min.wav,Cymatics - Dragon Dark Loop - Trenches - 160 BPM B Min,,,,False
Cymatics_Dragon_1/Dark/Cymatics - Dragon Dark Loop - Troops - 150 BPM C Min.wav,Cymatics - Dragon Dark Loop - Troops - 150 BPM C Min,,,,False
Cymatics_Dragon_1/Dark/Cymatics - Dragon Dark Loop - Unholy - 150 BPM C Min.wav,Cymatics - Dragon Dark Loop - Unholy - 150 BPM C Min,,,,False
Cymatics_Dragon_1/Dark/Cymatics - Dragon Dark Loop - Verdict - 145 BPM A Min.wav,Cymatics - Dragon Dark Loop - Verdict - 145 BPM A Min,,,,False
Cymatics_Dragon_1/Dark/Cymatics - Dragon Dark Loop - Violation - 130 BPM B Min.wav,Cymatics - Dragon Dark Loop - Violation - 130 BPM B Min,,,,False
Cymatics_Dragon_1/Dark/Cymatics - Dragon Dark Loop - Weapon - 160 BPM D Min.wav,Cymatics - Dragon Dark Loop - Weapon - 160 BPM D Min,,,,False
Cymatics_Dragon_1/Dark/Cymatics - Dragon Dark Loop - Zone Out - 125 BPM C Min.wav,Cymatics - Dragon Dark Loop - Zone Out - 125 BPM C Min,,,,False
Cymatics_Dragon_2/Ethnic/Cymatics - Dragon Ethnic Loop - Black List - 130 BPM D Min.wav,Cymatics - Dragon Ethnic Loop - Black List - 130 BPM D Min,,,,False
Cymatics_Dragon_2/Ethnic/Cymatics - Dragon Ethnic Loop - Bricks - 150 BPM E Min.wav,Cymatics - Dragon Ethnic Loop - Bricks - 150 BPM E Min,,,,False
Cymatics_Dragon_2/Ethnic/Cymatics - Dragon Ethnic Loop - Cartel - 128 BPM G# Min.wav,Cymatics - Dragon Ethnic Loop - Cartel - 128 BPM G# Min,,,,False
Cymatics_Dragon_2/Ethnic/Cymatics - Dragon Ethnic Loop - Dragon - 140 BPM B Min.wav,Cymatics - Dragon Ethnic Loop - Dragon - 140 BPM B Min,,,,False
Cymatics_Dragon_2/Ethnic/Cymatics - Dragon Ethnic Loop - Gaza - 135 BPM G Min.wav,Cymatics - Dragon Ethnic Loop - Gaza - 135 BPM G Min,,,,False
Cymatics_Dragon_2/Ethnic/Cymatics - Dragon Ethnic Loop - Geisha - 140 BPM F Maj.wav,Cymatics - Dragon Ethnic Loop - Geisha - 140 BPM F Maj,,,,False
Cymatics_Dragon_2/Ethnic/Cymatics - Dragon Ethnic Loop - Get It Started - 105 BPM E Phryg.wav,Cymatics - Dragon Ethnic Loop - Get It Started - 105 BPM E Phryg,,,,False
Cymatics_Dragon_2/Ethnic/Cymatics - Dragon Ethnic Loop - Honcho - 140 BPM B Min.wav,Cymatics - Dragon Ethnic Loop - Honcho - 140 BPM B Min,,,,False
Cymatics_Dragon_2/Ethnic/Cymatics - Dragon Ethnic Loop - Hookup - 105 BPM C Min.wav,Cymatics - Dragon Ethnic Loop - Hookup - 105 BPM C Min,,,,False
Cymatics_Dragon_2/Ethnic/Cymatics - Dragon Ethnic Loop - Jewels - 144 BPM F Maj.wav,Cymatics - Dragon Ethnic Loop - Jewels - 144 BPM F Maj,,,,False
Cymatics_Dragon_2/Ethnic/Cymatics - Dragon Ethnic Loop - Kyoto - 128 BPM E Min.wav,Cymatics - Dragon Ethnic Loop - Kyoto - 128 BPM E Min,,,,False
Cymatics_Dragon_2/Ethnic/Cymatics - Dragon Ethnic Loop - Other Side - 136 BPM G# Min.wav,Cymatics - Dragon Ethnic Loop - Other Side - 136 BPM G# Min,,,,False
Cymatics_Dragon_2/Ethnic/Cymatics - Dragon Ethnic Loop - Pesos -  95 BPM C# Min.wav,Cymatics - Dragon Ethnic Loop - Pesos -  95 BPM C# Min,,,,False
Cymatics_Dragon_2/Ethnic/Cymatics - Dragon Ethnic Loop - Run It Up - 98 BPM E Min.wav,Cymatics - Dragon Ethnic Loop - Run It Up - 98 BPM E Min,,,,False
Cymatics_Dragon_2/Ethnic/Cymatics - Dragon Ethnic Loop - Runners - 105 BPM G# Min.wav,Cymatics - Dragon Ethnic Loop - Runners - 105 BPM G# Min,,,,False
Cymatics_Dragon_2/Ethnic/Cymatics - Dragon Ethnic Loop - Sahara - 150 BPM A# Min.wav,Cymatics - Dragon Ethnic Loop - Sahara - 150 BPM A# Min,,,,False
Cymatics_Dragon_2/Ethnic/Cymatics - Dragon Ethnic Loop - Street Lights - 160 BPM D Min.wav,Cymatics - Dragon Ethnic Loop - Street Lights - 160 BPM D Min,,,,False
Cymatics_Dragon_2/Ethnic/Cymatics - Dragon Ethnic Loop - Stressed - 140 BPM B Minor.wav,Cymatics - Dragon Ethnic Loop - Stressed - 140 BPM B Minor,,,,False
Cymatics_Dragon_2/Ethnic/Cymatics - Dragon Ethnic Loop - Superior - 150 BPM C Min.wav,Cymatics - Dragon Ethnic Loop - Superior - 150 BPM C Min,,,,False
Cymatics_Dragon_2/Ethnic/Cymatics - Dragon Ethnic Loop - Tokyo - 135 BPM C Min.wav,Cymatics - Dragon Ethnic Loop - Tokyo - 135 BPM C Min,,,,False
Cymatics_Dragon_2/Ethnic/Cymatics - Dragon Ethnic Loop - Treat Me - 125 BPM F Min.wav,Cymatics - Dragon Ethnic Loop - Treat Me - 125 BPM F Min,,,,False
Cymatics_Dragon_2/Ethnic/Cymatics - Dragon Ethnic Loop - Troubled - 138 BPM A# Min.wav,Cymatics - Dragon Ethnic Loop - Troubled - 138 BPM A# Min,,,,False
Cymatics_Dragon_2/Ethnic/Cymatics - Dragon Ethnic Loop - Wartime - 101 BPM E Min.wav,Cymatics - Dragon Ethnic Loop - Wartime - 101 BPM E Min,,,,False
Cymatics_Dragon_2/Ethnic/Cymatics - Dragon Ethnic Loop - Yakuza - 160 BPM A# Min.wav,Cymatics - Dragon Ethnic Loop - Yakuza - 160 BPM A# Min,,,,False
Cymatics_Dragon_2/Happy/Cymatics - Dragon Happy Loop - Architecture - 160 BPM F Min.wav,Cymatics - Dragon Happy Loop - Architecture - 160 BPM F Min,,,,False
Cymatics_Dragon_2/Happy/Cymatics - Dragon Happy Loop - Bandwidth - 140 BPM E Maj.wav,Cymatics - Dragon Happy Loop - Bandwidth - 140 BPM E Maj,,,,False
Cymatics_Dragon_2/Happy/Cymatics - Dragon Happy Loop - Beauty - 150 BPM A Min.wav,Cymatics - Dragon Happy Loop - Beauty - 150 BPM A Min,,,,False
Cymatics_Dragon_2/Happy/Cymatics - Dragon Happy Loop - Cosmos - 90 BPM D Min.wav,Cymatics - Dragon Happy Loop - Cosmos - 90 BPM D Min,,,,False
Cymatics_Dragon_2/Happy/Cymatics - Dragon Happy Loop - Galactic - 160 BPM F Min.wav,Cymatics - Dragon Happy Loop - Galactic - 160 BPM F Min,,,,False
Cymatics_Dragon_2/Happy/Cymatics - Dragon Happy Loop - Great Beyond - 162 BPM F Min.wav,Cymatics - Dragon Happy Loop - Great Beyond - 162 BPM F Min,,,,False
Cymatics_Dragon_2/Happy/Cymatics - Dragon Happy Loop - Heaven - 144 BPM E Min.wav,Cymatics - Dragon Happy Loop - Heaven - 144 BPM E Min,,,,False
Cymatics_Dragon_2/Happy/Cymatics - Dragon Happy Loop - Infinite - 148 BPM F Min.wav,Cymatics - Dragon Happy Loop - Infinite - 148 BPM F Min,,,,False
Cymatics_Dragon_2/Happy/Cymatics - Dragon Happy Loop - Interspace - 140 BPM D# Min.wav,Cymatics - Dragon Happy Loop - Interspace - 140 BPM D# Min,,,,False
Cymatics_Dragon_2/Happy/Cymatics - Dragon Happy Loop - Martian - 135 BPM D# Min.wav,Cymatics - Dragon Happy Loop - Martian - 135 BPM D# Min,,,,False
Cymatics_Dragon_2/Happy/Cymatics - Dragon Happy Loop - Milky Way - 170 BPM F Min.wav,Cymatics - Dragon Happy Loop - Milky Way - 170 BPM F Min,,,,False
Cymatics_Dragon_2/Happy/Cymatics - Dragon Happy Loop - Module - 147 BPM D# Min.wav,Cymatics - Dragon Happy Loop - Module - 147 BPM D# Min,,,,False
Cymatics_Dragon_2/Happy/Cymatics - Dragon Happy Loop - Moon - 130 BPM E Min.wav,Cymatics - Dragon Happy Loop - Moon - 130 BPM E Min,,,,False
Cymatics_Dragon_2/Happy/Cymatics - Dragon Happy Loop - NASA - 142 BPM C# Min.wav,Cymatics - Dragon Happy Loop - NASA - 142 BPM C# Min,,,,False
Cymatics_Dragon_2/Happy/Cymatics - Dragon Happy Loop - Orbit - 140 BPM A Min.wav,Cymatics - Dragon Happy Loop - Orbit - 140 BPM A Min,,,,False
Cymatics_Dragon_2/Happy/Cymatics - Dragon Happy Loop - Personal - 160 BPM F# Min.wav,Cymatics - Dragon Happy Loop - Personal - 160 BPM F# Min,,,,False
Cymatics_Dragon_2/Happy/Cymatics - Dragon Happy Loop - Perspective - 150 BPM C Min.wav,Cymatics - Dragon Happy Loop - Perspective - 150 BPM C Min,,,,False
Cymatics_Dragon_2/Happy/Cymatics - Dragon Happy Loop - Physics - 153 BPM A Min.wav,Cymatics - Dragon Happy Loop - Physics - 153 BPM A Min,,,,False
Cymatics_Dragon_2/Happy/Cymatics - Dragon Happy Loop - Sideways - 142 BPM E Min.wav,Cymatics - Dragon Happy Loop - Sideways - 142 BPM E Min,,,,False
Cymatics_Dragon_2/Happy/Cymatics - Dragon Happy Loop - Stardust - 140 BPM G Maj.wav,Cymatics - Dragon Happy Loop - Stardust - 140 BPM G Maj,,,,False
Cymatics_Dragon_2/Happy/Cymatics - Dragon Happy Loop - Trust - 140 BPM D Maj.wav,Cymatics - Dragon Happy Loop - Trust - 140 BPM D Maj,,,,False
Cymatics_Dragon_2/Happy/Cymatics - Dragon Happy Loop - UFO - 151 BPM E Min.wav,Cymatics - Dragon Happy Loop - UFO - 151 BPM E Min,,,,False
Cymatics_Dragon_Platinum_Expansion/Cymatics - Dragon Platinum Dark Loop - Bangin - 140 BPM D Min.wav,Cymatics - Dragon Platinum Dark Loop - Bangin - 140 BPM D Min,,,,False
Cymatics_Dragon_Platinum_Expansion/Cymatics - Dragon Platinum Dark Loop - Choppa - 130 BPM B Min.wav,Cymatics - Dragon Platinum Dark Loop - Choppa - 130 BPM B Min,,,,False
Cymatics_Dragon_Platinum_Expansion/Cymatics - Dragon Platinum Dark Loop - Demon - 146 BPM A# Min.wav,Cymatics - Dragon Platinum Dark Loop - Demon - 146 BPM A# Min,,,,False
Cymatics_Dragon_Platinum_Expansion/Cymatics - Dragon Platinum Dark Loop - Diamonds - 143 BPM A# Min.wav,Cymatics - Dragon Platinum Dark Loop - Diamonds - 143 BPM A# Min,,,,False
Cymatics_Dragon_Platinum_Expansion/Cymatics - Dragon Platinum Dark Loop - Divine - 130 BPM B Min.wav,Cymatics - Dragon Platinum Dark Loop - Divine - 130 BPM B Min,,,,False
Cymatics_Dragon_Platinum_Expansion/Cymatics - Dragon Platinum Dark Loop - Foolish - 69 BPM A Min.wav,Cymatics - Dragon Platinum Dark Loop - Foolish - 69 BPM A Min,,,,False
Cymatics_Dragon_Platinum_Expansion/Cymatics - Dragon Platinum Dark Loop - Greed - 160 BPM A# Min.wav,Cymatics - Dragon Platinum Dark Loop - Greed - 160 BPM A# Min,,,,False
Cymatics_Dragon_Platinum_Expansion/Cymatics - Dragon Platinum Dark Loop - Humanity - 145 BPM G Min.wav,Cymatics - Dragon Platinum Dark Loop - Humanity - 145 BPM G Min,,,,False
Cymatics_Dragon_Platinum_Expansion/Cymatics - Dragon Platinum Dark Loop - Immortal - 145 BPM C Min.wav,Cymatics - Dragon Platinum Dark Loop - Immortal - 145 BPM C Min,,,,False
Cymatics_Dragon_Platinum_Expansion/Cymatics - Dragon Platinum Dark Loop - Juice - 120 BPM C# Min.wav,Cymatics - Dragon Platinum Dark Loop - Juice - 120 BPM C# Min,,,,False
Cymatics_Dragon_Platinum_Expansion/Cymatics - Dragon Platinum Dark Loop - Melee - 158 BPM D Min.wav,Cymatics - Dragon Platinum Dark Loop - Melee - 158 BPM D Min,,,,False
Cymatics_Dragon_Platinum_Expansion/Cymatics - Dragon Platinum Dark Loop - Paper - 142 BPM E Min.wav,Cymatics - Dragon Platinum Dark Loop - Paper - 142 BPM E Min,,,,False
Cymatics_Dragon_Platinum_Expansion/Cymatics - Dragon Platinum Dark Loop - Past Life - 140 BPM C# Min.wav,Cymatics - Dragon Platinum Dark Loop - Past Life - 140 BPM C# Min,,,,False
Cymatics_Dragon_Platinum_Expansion/Cymatics - Dragon Platinum Dark Loop - Patient - 141 BPM A Min.wav,Cymatics - Dragon Platinum Dark Loop - Patient - 141 BPM A Min,,,,False
Cymatics_Dragon_Platinum_Expansion/Cymatics - Dragon Platinum Dark Loop - Science - 130 BPM F Min.wav,Cymatics - Dragon Platinum Dark Loop - Science - 130 BPM F Min,,,,False
Cymatics_Dragon_Platinum_Expansion/Cymatics - Dragon Platinum Dark Loop - Shadows - 130 BPM C# Min.wav,Cymatics - Dragon Platinum Dark Loop - Shadows - 130 BPM C# Min,,,,False
Cymatics_Dragon_Platinum_Expansion/Cymatics - Dragon Platinum Dark Loop - Slime - 141 BPM F# Min.wav,Cymatics - Dragon Platinum Dark Loop - Slime - 141 BPM F# Min,,,,False
Cymatics_Dragon_Platinum_Expansion/Cymatics - Dragon Platinum Dark Loop - Strapped - 84 BPM A Min.wav,Cymatics - Dragon Platinum Dark Loop - Strapped - 84 BPM A Min,,,,False
Cymatics_Dragon_Platinum_Expansion/Cymatics - Dragon Platinum Dark Loop - Tragedy - 150 BPM D# Min.wav,Cymatics - Dragon Platinum Dark Loop - Tragedy - 150 BPM D# Min,,,,False
Cymatics_Dragon_Platinum_Expansion/Cymatics - Dragon Platinum Dark Loop - Vengeance - 110 BPM B Min.wav,Cymatics - Dragon Platinum Dark Loop - Vengeance - 110 BPM B Min,,,,False
Cymatics_Dragon_Platinum_Expansion/Cymatics - Dragon Platinum Dark Loop - Witch Hunt - 150 BPM D Min.wav,Cymatics - Dragon Platinum Dark Loop - Witch Hunt - 150 BPM D Min,,,,False
Cymatics_Dragon_Platinum_Expansion/Cymatics - Dragon Platinum Ethnic Loop - Ceremony - 140 BPM D Min.wav,Cymatics - Dragon Platinum Ethnic Loop - Ceremony - 140 BPM D Min,,,,False
Cymatics_Dragon_Platinum_Expansion/Cymatics - Dragon Platinum Ethnic Loop - Destiny - 152 BPM A Dorian.wav,Cymatics - Dragon Platinum Ethnic Loop - Destiny - 152 BPM A Dorian,,,,False
Cymatics_Dragon_Platinum_Expansion/Cymatics - Dragon Platinum Ethnic Loop - Faith - 165 BPM G Min.wav,Cymatics - Dragon Platinum Ethnic Loop - Faith - 165 BPM G Min,,,,False
Cymatics_Dragon_Platinum_Expansion/Cymatics - Dragon Platinum Ethnic Loop - Foreign - 84 BPM G# Min.wav,Cymatics - Dragon Platinum Ethnic Loop - Foreign - 84 BPM G# Min,,,,False
Cymatics_Dragon_Platinum_Expansion/Cymatics - Dragon Platinum Ethnic Loop - Hide Out - 150 BPM D Min.wav,Cymatics - Dragon Platinum Ethnic Loop - Hide Out - 150 BPM D Min,,,,False
Cymatics_Dragon_Platinum_Expansion/Cymatics - Dragon Platinum Ethnic Loop - Kingpin - 150 BPM D Min.wav,Cymatics - Dragon Platinum Ethnic Loop - Kingpin - 150 BPM D Min,,,,False
Cymatics_Dragon_Platinum_Expansion/Cymatics - Dragon Platinum Ethnic Loop - Lessons - 66 BPM A Min.wav,Cymatics - Dragon Platinum Ethnic Loop - Lessons - 66 BPM A Min,,,,False
Cymatics_Dragon_Platinum_Expansion/Cymatics - Dragon Platinum Ethnic Loop - Long Distance - 147 BPM A# Min.wav,Cymatics - Dragon Platinum Ethnic Loop - Long Distance - 147 BPM A# Min,,,,False
Cymatics_Dragon_Platinum_Expansion/Cymatics - Dragon Platinum Ethnic Loop - Mafia - 136 BPM D Min.wav,Cymatics - Dragon Platinum Ethnic Loop - Mafia - 136 BPM D Min,,,,False
Cymatics_Dragon_Platinum_Expansion/Cymatics - Dragon Platinum Ethnic Loop - Medellin - 128 BPM E Min.wav,Cymatics - Dragon Platinum Ethnic Loop - Medellin - 128 BPM E Min,,,,False
Cymatics_Dragon_Platinum_Expansion/Cymatics - Dragon Platinum Ethnic Loop - Moments - 151 BPM C Harm Min.wav,Cymatics - Dragon Platinum Ethnic Loop - Moments - 151 BPM C Harm Min,,,,False
Cymatics_Dragon_Platinum_Expansion/Cymatics - Dragon Platinum Ethnic Loop - Oasis - 130 BPM D Min.wav,Cymatics - Dragon Platinum Ethnic Loop - Oasis - 130 BPM D Min,,,,False
Cymatics_Dragon_Platinum_Expansion/Cymatics - Dragon Platinum Ethnic Loop - Operations - 134 BPM D# Harm Min.wav,Cymatics - Dragon Platinum Ethnic Loop - Operations - 134 BPM D# Harm Min,,,,False
Cymatics_Dragon_Platinum_Expansion/Cymatics - Dragon Platinum Ethnic Loop - Outlaw - 100 BPM C Min.wav,Cymatics - Dragon Platinum Ethnic Loop - Outlaw - 100 BPM C Min,,,,False
Cymatics_Dragon_Platinum_Expansion/Cymatics - Dragon Platinum Ethnic Loop - Presidente - 141 BPM A# Min.wav,Cymatics - Dragon Platinum Ethnic Loop - Presidente - 141 BPM A# Min,,,,False
Cymatics_Dragon_Platinum_Expansion/Cymatics - Dragon Platinum Ethnic Loop - Salam - 108 BPM B Phryg.wav,Cymatics - Dragon Platinum Ethnic Loop - Salam - 108 BPM B Phryg,,,,False
Cymatics_Dragon_Platinum_Expansion/Cymatics - Dragon Platinum Ethnic Loop - Secrets - 130 BPM A Min.wav,Cymatics - Dragon Platinum Ethnic Loop - Secrets - 130 BPM A Min,,,,False
Cymatics_Dragon_Platinum_Expansion/Cymatics - Dragon Platinum Ethnic Loop - Temple - 128 BPM G# Min.wav,Cymatics - Dragon Platinum Ethnic Loop - Temple - 128 BPM G# Min,,,,False
Cymatics_Dragon_Platinum_Expansion/Cymatics - Dragon Platinum Ethnic Loop - Tequila - 95 BPM C# Min.wav,Cymatics - Dragon Platinum Ethnic Loop - Tequila - 95 BPM C# Min,,,,False
Cymatics_Dragon_Platinum_Expansion/Cymatics - Dragon Platinum Ethnic Loop - The End - 92 BPM A Min.wav,Cymatics - Dragon Platinum Ethnic Loop - The End - 92 BPM A Min,,,,False
Cymatics_Dragon_Platinum_Expansion/Cymatics - Dragon Platinum Ethnic Loop - The Future - 144 BPM A# Min.wav,Cymatics - Dragon Platinum Ethnic Loop - The Future - 144 BPM A# Min,,,,False
Cymatics_Dragon_Platinum_Expansion/Cymatics - Dragon Platinum Ethnic Loop - Time To Go - 103 BPM A Min.wav,Cymatics - Dragon Platinum Ethnic Loop - Time To Go - 103 BPM A Min,,,,False
Cymatics_Dragon_Platinum_Expansion/Cymatics - Dragon Platinum Happy Loop - Astronauts - 152 BPM D# Min.wav,Cymatics - Dragon Platinum Happy Loop - Astronauts - 152 BPM D# Min,,,,False
Cymatics_Dragon_Platinum_Expansion/Cymatics - Dragon Platinum Happy Loop - Droptop - 130 BPM D# Min.wav,Cymatics - Dragon Platinum Happy Loop - Droptop - 130 BPM D# Min,,,,False
Cymatics_Dragon_Platinum_Expansion/Cymatics - Dragon Platinum Happy Loop - Time - 145 BPM B Min.wav,Cymatics - Dragon Platinum Happy Loop - Time - 145 BPM B Min,,,,False
Cymatics_Dragon_Platinum_Expansion/Cymatics - Dragon Platinum Nostalgic Loop - Left Me - 145 BPM A# Min.wav,Cymatics - Dragon Platinum Nostalgic Loop - Left Me - 145 BPM A# Min,,,,False
Cymatics_Dragon_Platinum_Expansion/Cymatics - Dragon Platinum Nostalgic Loop - Lights -  170 BPM B Min.wav,Cymatics - Dragon Platinum Nostalgic Loop - Lights -  170 BPM B Min,,,,False
Cymatics_Dragon_Platinum_Expansion/Cymatics - Dragon Platinum Orchestral Loop - End Game - 140 BPM G# Min.wav,Cymatics - Dragon Platinum Orchestral Loop - End Game - 140 BPM G# Min,,,,False
Cymatics_Dragon_Platinum_Expansion/Cymatics - Dragon Platinum Orchestral Loop - Lost Ones - 160 BPM G Min.wav,Cymatics - Dragon Platinum Orchestral Loop - Lost Ones - 160 BPM G Min,,,,False
Cymatics_Dragon_Platinum_Expansion/Cymatics - Dragon Platinum Orchestral Loop - Slackin - 140 BPM D# Min.wav,Cymatics - Dragon Platinum Orchestral Loop - Slackin - 140 BPM D# Min,,,,False
Cymatics_Dragon_Platinum_Expansion/Cymatics - Dragon Platinum Orchestral Loop - Theory - 120 BPM D Min.wav,Cymatics - Dragon Platinum Orchestral Loop - Theory - 120 BPM D Min,,,,False
Cymatics_Dragon_Platinum_Expansion/Cymatics - Dragon Platinum Orchestral Loop - Thousands - 140 BPM G Min.wav,Cymatics - Dragon Platinum Orchestral Loop - Thousands - 140 BPM G Min,,,,False
Cymatics_Dragon_Platinum_Expansion/Cymatics - Dragon Platinum Orchestral Loop - Trap Or Die - 65 BPM C Min.wav,Cymatics - Dragon Platinum Orchestral Loop - Trap Or Die - 65 BPM C Min,,,,False
Cymatics_Dragon_Platinum_Expansion/Cymatics - Dragon Platinum Orchestral Loop - Values - 130 BPM C# Min.wav,Cymatics - Dragon Platinum Orchestral Loop - Values - 130 BPM C# Min,,,,False
Cymatics_Dragon_Platinum_Expansion/Cymatics - Dragon Platinum Orchestral Loop - Winter - 120 BPM F Min.wav,Cymatics - Dragon Platinum Orchestral Loop - Winter - 120 BPM F Min,,,,False
Cymatics_Dragon_Platinum_Expansion/Cymatics - Dragon Platinum R&B Loop - Curious - 90 BPM C Min.wav,Cymatics - Dragon Platinum R&B Loop - Curious - 90 BPM C Min,,,,False
Cymatics_Dragon_Platinum_Expansion/Cymatics - Dragon Platinum R&B Loop - Dangerous - 100 BPM C# Min.wav,Cymatics - Dragon Platinum R&B Loop - Dangerous - 100 BPM C# Min,,,,False
Cymatics_Dragon_Platinum_Expansion/Cymatics - Dragon Platinum R&B Loop - Honey - 112 BPM C Min.wav,Cymatics - Dragon Platinum R&B Loop - Honey - 112 BPM C Min,,,,False
Cymatics_Dragon_Platinum_Expansion/Cymatics - Dragon Platinum R&B Loop - Night Time - 90 BPM B Maj.wav,Cymatics - Dragon Platinum R&B Loop - Night Time - 90 BPM B Maj,,,,False
Cymatics_Dragon_Platinum_Expansion/Cymatics - Dragon Platinum R&B Loop - Secrets - 80 BPM E Min.wav,Cymatics - Dragon Platinum R&B Loop - Secrets - 80 BPM E Min,,,,False
Cymatics_Dragon_Platinum_Expansion/Cymatics - Dragon Platinum R&B Loop - Selfish - 70 BPM F Min.wav,Cymatics - Dragon Platinum R&B Loop - Selfish - 70 BPM F Min,,,,False
Cymatics_Dragon_Platinum_Expansion/Cymatics - Dragon Platinum Sad Loop - Pain - 160 BPM G Min.wav,Cymatics - Dragon Platinum Sad Loop - Pain - 160 BPM G Min,,,,False
Cymatics_Dragon_Platinum_Expansion/Cymatics - Dragon Platinum Sad Loop - Society - 130 BPM B Min.wav,Cymatics - Dragon Platinum Sad Loop - Society - 130 BPM B Min,,,,False
Cymatics_Dragon_Platinum_Expansion/Cymatics - Dragon Platinum Various Loop - Burst - 151 BPM F# Maj.wav,Cymatics - Dragon Platinum Various Loop - Burst - 151 BPM F# Maj,,,,False
Cymatics_Dragon_Platinum_Expansion/Cymatics - Dragon Platinum Various Loop - Characters - 145 BPM C Min.wav,Cymatics - Dragon Platinum Various Loop - Characters - 145 BPM C Min,,,,False
Cymatics_Dragon_Platinum_Expansion/Cymatics - Dragon Platinum Various Loop - Chrome - 140 BPM D Min.wav,Cymatics - Dragon Platinum Various Loop - Chrome - 140 BPM D Min,,,,False
Cymatics_Dragon_Platinum_Expansion/Cymatics - Dragon Platinum Various Loop - Colossus - 130 BPM F Min.wav,Cymatics - Dragon Platinum Various Loop - Colossus - 130 BPM F Min,,,,False
Cymatics_Dragon_Platinum_Expansion/Cymatics - Dragon Platinum Various Loop - Guru - 155 BPM F Min.wav,Cymatics - Dragon Platinum Various Loop - Guru - 155 BPM F Min,,,,False
Cymatics_Dragon_Platinum_Expansion/Cymatics - Dragon Platinum Various Loop - Keys - 150 BPM A# Min.wav,Cymatics - Dragon Platinum Various Loop - Keys - 150 BPM A# Min,,,,False
Cymatics_Dragon_Platinum_Expansion/Cymatics - Dragon Platinum Various Loop - Outside - 130 BPM D# Min.wav,Cymatics - Dragon Platinum Various Loop - Outside - 130 BPM D# Min,,,,False
Cymatics_Dragon_Platinum_Expansion/Cymatics - Dragon Platinum Various Loop - Slow Pace - 168 BPM A Min.wav,Cymatics - Dragon Platinum Various Loop - Slow Pace - 168 BPM A Min,,,,False
Cymatics_Dragon_Platinum_Expansion/Cymatics - Dragon Platinum Various Loop - Stupid - 76 BPM F Min.wav,Cymatics - Dragon Platinum Various Loop - Stupid - 76 BPM F Min,,,,False
Cymatics_Dragon_Platinum_Expansion/Cymatics - Dragon Platinum Various Loop - Traffic - 120 BPM E Min.wav,Cymatics - Dragon Platinum Various Loop - Traffic - 120 BPM E Min,,,,False
Cymatics_Dragon_Platinum_Expansion/Cymatics - Dragon Platinum Various Loop - Whatever - 134 BPM A Min.wav,Cymatics - Dragon Platinum Various Loop - Whatever - 134 BPM A Min,,,,False
Cymatics_Gems_Ultimate_Edition_Vol_1_Pt_1/Dark/Cymatics - Gems Dark Loop - Atrocity - 115 BPM G# Min.wav,Cymatics - Gems Dark Loop - Atrocity - 115 BPM G# Min,,,,False
Cymatics_Gems_Ultimate_Edition_Vol_1_Pt_1/Dark/Cymatics - Gems Dark Loop - Bad Luck - 138 BPM C Harm Maj.wav,Cymatics - Gems Dark Loop - Bad Luck - 138 BPM C Harm Maj,,,,False
Cymatics_Gems_Ultimate_Edition_Vol_1_Pt_1/Dark/Cymatics - Gems Dark Loop - Business - 115 BPM D# Min.wav,Cymatics - Gems Dark Loop - Business - 115 BPM D# Min,,,,False
Cymatics_Gems_Ultimate_Edition_Vol_1_Pt_1/Dark/Cymatics - Gems Dark Loop - Die In Vain - 140 BPM D Harm Min.wav,Cymatics - Gems Dark Loop - Die In Vain - 140 BPM D Harm Min,,,,False
Cymatics_Gems_Ultimate_Edition_Vol_1_Pt_1/Dark/Cymatics - Gems Dark Loop - Foul Play - 75 BPM E Min.wav,Cymatics - Gems Dark Loop - Foul Play - 75 BPM E Min,,,,False
Cymatics_Gems_Ultimate_Edition_Vol_1_Pt_1/Dark/Cymatics - Gems Dark Loop - Genocide - 145 BPM A# Min.wav,Cymatics - Gems Dark Loop - Genocide - 145 BPM A# Min,,,,False
Cymatics_Gems_Ultimate_Edition_Vol_1_Pt_1/Dark/Cymatics - Gems Dark Loop - Gothic - 60 BPM E Min.wav,Cymatics - Gems Dark Loop - Gothic - 60 BPM E Min,,,,False
Cymatics_Gems_Ultimate_Edition_Vol_1_Pt_1/Dark/Cymatics - Gems Dark Loop - Ill - 170 BPM D Harm Min.wav,Cymatics - Gems Dark Loop - Ill - 170 BPM D Harm Min,,,,False
Cymatics_Gems_Ultimate_Edition_Vol_1_Pt_1/Dark/Cymatics - Gems Dark Loop - Lambos - 155 BPM G# Min.wav,Cymatics - Gems Dark Loop - Lambos - 155 BPM G# Min,,,,False
Cymatics_Gems_Ultimate_Edition_Vol_1_Pt_1/Dark/Cymatics - Gems Dark Loop - Mortal - 135 BPM A Min.wav,Cymatics - Gems Dark Loop - Mortal - 135 BPM A Min,,,,False
Cymatics_Gems_Ultimate_Edition_Vol_1_Pt_1/Dark/Cymatics - Gems Dark Loop - Myths - 152 BPM F# Min.wav,Cymatics - Gems Dark Loop - Myths - 152 BPM F# Min,,,,False
Cymatics_Gems_Ultimate_Edition_Vol_1_Pt_1/Dark/Cymatics - Gems Dark Loop - Numb - 94 BPM E Min.wav,Cymatics - Gems Dark Loop - Numb - 94 BPM E Min,,,,False
Cymatics_Gems_Ultimate_Edition_Vol_1_Pt_1/Dark/Cymatics - Gems Dark Loop - Poison - 161 BPM G Min.wav,Cymatics - Gems Dark Loop - Poison - 161 BPM G Min,,,,False
Cymatics_Gems_Ultimate_Edition_Vol_1_Pt_1/Dark/Cymatics - Gems Dark Loop - Power Outage - 140 BPM A Min.wav,Cymatics - Gems Dark Loop - Power Outage - 140 BPM A Min,,,,False
Cymatics_Gems_Ultimate_Edition_Vol_1_Pt_1/Dark/Cymatics - Gems Dark Loop - Saints - 126 BPM D# Min.wav,Cymatics - Gems Dark Loop - Saints - 126 BPM D# Min,,,,False
Cymatics_Gems_Ultimate_Edition_Vol_1_Pt_1/Dark/Cymatics - Gems Dark Loop - The Joker - 145 BPM E Min.wav,Cymatics - Gems Dark Loop - The Joker - 145 BPM E Min,,,,False
Cymatics_Gems_Ultimate_Edition_Vol_1_Pt_1/Dark/Cymatics - Gems Dark Loop - Tip Toe - 150 BPM F Min.wav,Cymatics - Gems Dark Loop - Tip Toe - 150 BPM F Min,,,,False
Cymatics_Gems_Ultimate_Edition_Vol_1_Pt_1/Dark/Cymatics - Gems Dark Loop - Tyranny - 130 BPM A# Min.wav,Cymatics - Gems Dark Loop - Tyranny - 130 BPM A# Min,,,,False
Cymatics_Gems_Ultimate_Edition_Vol_1_Pt_1/Dark/Cymatics - Gems Dark Loop - Undead - 138 BPM D Min.wav,Cymatics - Gems Dark Loop - Undead - 138 BPM D Min,,,,False
Cymatics_Gems_Ultimate_Edition_Vol_1_Pt_1/Dark/Cymatics - Gems Dark Loop - Villains - 130 BPM D# Min.wav,Cymatics - Gems Dark Loop - Villains - 130 BPM D# Min,,,,False
Cymatics_Gems_Ultimate_Edition_Vol_1_Pt_1/Ethnic/Cymatics - Gems Ethnic Loop - Astrology - 126 BPM G Min.wav,Cymatics - Gems Ethnic Loop - Astrology - 126 BPM G Min,,,,False
Cymatics_Gems_Ultimate_Edition_Vol_1_Pt_1/Ethnic/Cymatics - Gems Ethnic Loop - Colombia - 100 BPM G Min.wav,Cymatics - Gems Ethnic Loop - Colombia - 100 BPM G Min,,,,False
Cymatics_Gems_Ultimate_Edition_Vol_1_Pt_1/Ethnic/Cymatics - Gems Ethnic Loop - Cuba - 110 BPM G Harm Min.wav,Cymatics - Gems Ethnic Loop - Cuba - 110 BPM G Harm Min,,,,False
Cymatics_Gems_Ultimate_Edition_Vol_1_Pt_1/Ethnic/Cymatics - Gems Ethnic Loop - Egypt -  121 BPM F# Min.wav,Cymatics - Gems Ethnic Loop - Egypt -  121 BPM F# Min,,,,False
Cymatics_Gems_Ultimate_Edition_Vol_1_Pt_1/Ethnic/Cymatics - Gems Ethnic Loop - Fuego - 141 BPM A# Min.wav,Cymatics - Gems Ethnic Loop - Fuego - 141 BPM A# Min,,,,False
Cymatics_Gems_Ultimate_Edition_Vol_1_Pt_1/Ethnic/Cymatics - Gems Ethnic Loop - Jefe - 119 BPM A# Min.wav,Cymatics - Gems Ethnic Loop - Jefe - 119 BPM A# Min,,,,False
Cymatics_Gems_Ultimate_Edition_Vol_1_Pt_1/Ethnic/Cymatics - Gems Ethnic Loop - Kingdom - 145 BPM G# Min.wav,Cymatics - Gems Ethnic Loop - Kingdom - 145 BPM G# Min,,,,False
Cymatics_Gems_Ultimate_Edition_Vol_1_Pt_1/Ethnic/Cymatics - Gems Ethnic Loop - Knowledge - 127 BPM E Lydian.wav,Cymatics - Gems Ethnic Loop - Knowledge - 127 BPM E Lydian,,,,False
Cymatics_Gems_Ultimate_Edition_Vol_1_Pt_1/Ethnic/Cymatics - Gems Ethnic Loop - Levanton - 140 BPM D# Harm Min.wav,Cymatics - Gems Ethnic Loop - Levanton - 140 BPM D# Harm Min,,,,False
Cymatics_Gems_Ultimate_Edition_Vol_1_Pt_1/Ethnic/Cymatics - Gems Ethnic Loop - Migos - 140 BPM F# Dorian.wav,Cymatics - Gems Ethnic Loop - Migos - 140 BPM F# Dorian,,,,False
Cymatics_Gems_Ultimate_Edition_Vol_1_Pt_1/Ethnic/Cymatics - Gems Ethnic Loop - Mountains - 130 BPM D Min.wav,Cymatics - Gems Ethnic Loop - Mountains - 130 BPM D Min,,,,False
Cymatics_Gems_Ultimate_Edition_Vol_1_Pt_1/Ethnic/Cymatics - Gems Ethnic Loop - Nervous - 130 BPM C# Min.wav,Cymatics - Gems Ethnic Loop - Nervous - 130 BPM C# Min,,,,False
Cymatics_Gems_Ultimate_Edition_Vol_1_Pt_1/Ethnic/Cymatics - Gems Ethnic Loop - Patron - 150 BPM G# Min.wav,Cymatics - Gems Ethnic Loop - Patron - 150 BPM G# Min,,,,False
Cymatics_Gems_Ultimate_Edition_Vol_1_Pt_1/Ethnic/Cymatics - Gems Ethnic Loop - Plaza - 110 BPM B Harm Min.wav,Cymatics - Gems Ethnic Loop - Plaza - 110 BPM B Harm Min,,,,False
Cymatics_Gems_Ultimate_Edition_Vol_1_Pt_1/Ethnic/Cymatics - Gems Ethnic Loop - Rolling Stone - 137 BPM D Min.wav,Cymatics - Gems Ethnic Loop - Rolling Stone - 137 BPM D Min,,,,False
Cymatics_Gems_Ultimate_Edition_Vol_1_Pt_1/Ethnic/Cymatics - Gems Ethnic Loop - Running - 144 BPM C# Min.wav,Cymatics - Gems Ethnic Loop - Running - 144 BPM C# Min,,,,False
Cymatics_Gems_Ultimate_Edition_Vol_1_Pt_1/Ethnic/Cymatics - Gems Ethnic Loop - Samurai - 140 BPM E Min.wav,Cymatics - Gems Ethnic Loop - Samurai - 140 BPM E Min,,,,False
Cymatics_Gems_Ultimate_Edition_Vol_1_Pt_1/Ethnic/Cymatics - Gems Ethnic Loop - Sekiro - 145 BPM F Min.wav,Cymatics - Gems Ethnic Loop - Sekiro - 145 BPM F Min,,,,False
Cymatics_Gems_Ultimate_Edition_Vol_1_Pt_1/Ethnic/Cymatics - Gems Ethnic Loop - The Plug - 126 BPM A Locrian.wav,Cymatics - Gems Ethnic Loop - The Plug - 126 BPM A Locrian,,,,False
Cymatics_Gems_Ultimate_Edition_Vol_1_Pt_1/Ethnic/Cymatics - Gems Ethnic Loop - Zodiac - 126 BPM A Min.wav,Cymatics - Gems Ethnic Loop - Zodiac - 126 BPM A Min,,,,False
Cymatics_Gems_Ultimate_Edition_Vol_1_Pt_1/R&B/Cymatics - Gems R&B Loop - Astro - 117 BPM F# Min.wav,Cymatics - Gems R&B Loop - Astro - 117 BPM F# Min,,,,False
Cymatics_Gems_Ultimate_Edition_Vol_1_Pt_1/R&B/Cymatics - Gems R&B Loop - Don_t Leave - 161 BPM F# Min.wav,Cymatics - Gems R&B Loop - Don_t Leave - 161 BPM F# Min,,,,False
Cymatics_Gems_Ultimate_Edition_Vol_1_Pt_1/R&B/Cymatics - Gems R&B Loop - Don_t Trust You - 136 BPM C Min.wav,Cymatics - Gems R&B Loop - Don_t Trust You - 136 BPM C Min,,,,False
Cymatics_Gems_Ultimate_Edition_Vol_1_Pt_1/R&B/Cymatics - Gems R&B Loop - Fanciest - 105 BPM F# Min.wav,Cymatics - Gems R&B Loop - Fanciest - 105 BPM F# Min,,,,False
Cymatics_Gems_Ultimate_Edition_Vol_1_Pt_1/R&B/Cymatics - Gems R&B Loop - Habits - 103 BPM D Min.wav,Cymatics - Gems R&B Loop - Habits - 103 BPM D Min,,,,False
Cymatics_Gems_Ultimate_Edition_Vol_1_Pt_1/R&B/Cymatics - Gems R&B Loop - Lighten Up - 116 BPM D# Min.wav,Cymatics - Gems R&B Loop - Lighten Up - 116 BPM D# Min,,,,False
Cymatics_Gems_Ultimate_Edition_Vol_1_Pt_1/R&B/Cymatics - Gems R&B Loop - Lust - 92 BPM F Min.wav,Cymatics - Gems R&B Loop - Lust - 92 BPM F Min,,,,False
Cymatics_Gems_Ultimate_Edition_Vol_1_Pt_1/R&B/Cymatics - Gems R&B Loop - Moments - 109 BPM E Min.wav,Cymatics - Gems R&B Loop - Moments - 109 BPM E Min,,,,False
Cymatics_Gems_Ultimate_Edition_Vol_1_Pt_1/R&B/Cymatics - Gems R&B Loop - Nobody - 150 BPM F# Min.wav,Cymatics - Gems R&B Loop - Nobody - 150 BPM F# Min,,,,False
Cymatics_Gems_Ultimate_Edition_Vol_1_Pt_1/R&B/Cymatics - Gems R&B Loop - Rewind Time - 110 BPM D Min.wav,Cymatics - Gems R&B Loop - Rewind Time - 110 BPM D Min,,,,False
Cymatics_Gems_Ultimate_Edition_Vol_1_Pt_1/R&B/Cymatics - Gems R&B Loop - Rose - 109 BPM C Min.wav,Cymatics - Gems R&B Loop - Rose - 109 BPM C Min,,,,False
Cymatics_Gems_Ultimate_Edition_Vol_1_Pt_1/R&B/Cymatics - Gems R&B Loop - The City - 140 BPM F# Min.wav,Cymatics - Gems R&B Loop - The City - 140 BPM F# Min,,,,False
Cymatics_Gems_Ultimate_Edition_Vol_1_Pt_1/R&B/Cymatics - Gems R&B Loop - Tomorrow - 115 BPM F# Min.wav,Cymatics - Gems R&B Loop - Tomorrow - 115 BPM F# Min,,,,False
Cymatics_Gems_Ultimate_Edition_Vol_1_Pt_1/R&B/Cymatics - Gems R&B Loop - Vermillion - 130 BPM F Min.wav,Cymatics - Gems R&B Loop - Vermillion - 130 BPM F Min,,,,False
Cymatics_Gems_Ultimate_Edition_Vol_1_Pt_1/R&B/Cymatics - Gems R&B Loop - Vertical - 140 BPM A# Min.wav,Cymatics - Gems R&B Loop - Vertical - 140 BPM A# Min,,,,False
Cymatics_Gems_Ultimate_Edition_Vol_1_Pt_1/R&B/Cymatics - Gems R&B Loop - Voices - 140 BPM B Min.wav,Cymatics - Gems R&B Loop - Voices - 140 BPM B Min,,,,False
Cymatics_Gems_Ultimate_Edition_Vol_1_Pt_1/R&B/Cymatics - Gems R&B Loop - Want Your Love - 140 BPM F# Min.wav,Cymatics - Gems R&B Loop - Want Your Love - 140 BPM F# Min,,,,False
Cymatics_Gems_Ultimate_Edition_Vol_1_Pt_1/R&B/Cymatics - Gems R&B Loop - Without U - 107 BPM G Min.wav,Cymatics - Gems R&B Loop - Without U - 107 BPM G Min,,,,False
Cymatics_Gems_Ultimate_Edition_Vol_1_Pt_1/R&B/Cymatics - Gems R&B Loop - Yearn - 120 BPM D Min.wav,Cymatics - Gems R&B Loop - Yearn - 120 BPM D Min,,,,False
Cymatics_Gems_Ultimate_Edition_Vol_1_Pt_1/R&B/Cymatics - Gems R&B Loop - Your Smile - 164 BPM D# Min.wav,Cymatics - Gems R&B Loop - Your Smile - 164 BPM D# Min,,,,False
Cymatics_Gems_Vol_1_Trap_Melodies/Cymatics Gems Vol 1 - Animal - 136 BPM C Min.wav,Cymatics Gems Vol 1 - Animal - 136 BPM C Min,,,,False
Cymatics_Gems_Vol_1_Trap_Melodies/Cymatics Gems Vol 1 - Armed N Dangerous - 129 BPM G Min.wav,Cymatics Gems Vol 1 - Armed N Dangerous - 129 BPM G Min,,,,False
Cymatics_Gems_Vol_1_Trap_Melodies/Cymatics Gems Vol 1 - Benz - 140 BPM C Min.wav,Cymatics Gems Vol 1 - Benz - 140 BPM C Min,,,,False
Cymatics_Gems_Vol_1_Trap_Melodies/Cymatics Gems Vol 1 - Castles - 140 BPM A Min .wav,Cymatics Gems Vol 1 - Castles - 140 BPM A Min ,,,,False
Cymatics_Gems_Vol_1_Trap_Melodies/Cymatics Gems Vol 1 - Detonate - 110 BPM F# Min.wav,Cymatics Gems Vol 1 - Detonate - 110 BPM F# Min,,,,False
Cymatics_Gems_Vol_1_Trap_Melodies/Cymatics Gems Vol 1 - Double Up - 140 BPM G# Min.wav,Cymatics Gems Vol 1 - Double Up - 140 BPM G# Min,,,,False
Cymatics_Gems_Vol_1_Trap_Melodies/Cymatics Gems Vol 1 - Drop Top - 152 BPM F# Min.wav,Cymatics Gems Vol 1 - Drop Top - 152 BPM F# Min,,,,False
Cymatics_Gems_Vol_1_Trap_Melodies/Cymatics Gems Vol 1 - Echo Chamber - 88 BPM A# Min.wav,Cymatics Gems Vol 1 - Echo Chamber - 88 BPM A# Min,,,,False
Cymatics_Gems_Vol_1_Trap_Melodies/Cymatics Gems Vol 1 - Godfather - 135 BPM E Min.wav,Cymatics Gems Vol 1 - Godfather - 135 BPM E Min,,,,False
Cymatics_Gems_Vol_1_Trap_Melodies/Cymatics Gems Vol 1 - Grinch - 135 BPM F# Min.wav,Cymatics Gems Vol 1 - Grinch - 135 BPM F# Min,,,,False
Cymatics_Gems_Vol_1_Trap_Melodies/Cymatics Gems Vol 1 - Haunted - 140 BPM G Min.wav,Cymatics Gems Vol 1 - Haunted - 140 BPM G Min,,,,False
Cymatics_Gems_Vol_1_Trap_Melodies/Cymatics Gems Vol 1 - In The Trunk - 140 BPM F# Min.wav,Cymatics Gems Vol 1 - In The Trunk - 140 BPM F# Min,,,,False
Cymatics_Gems_Vol_1_Trap_Melodies/Cymatics Gems Vol 1 - Monster - 80 BPM C Min.wav,Cymatics Gems Vol 1 - Monster - 80 BPM C Min,,,,False
Cymatics_Gems_Vol_1_Trap_Melodies/Cymatics Gems Vol 1 - Nightmares - 130 BPM A Min.wav,Cymatics Gems Vol 1 - Nightmares - 130 BPM A Min,,,,False
Cymatics_Gems_Vol_1_Trap_Melodies/Cymatics Gems Vol 1 - Outside - 130 BPM D Min.wav,Cymatics Gems Vol 1 - Outside - 130 BPM D Min,,,,False
Cymatics_Gems_Vol_1_Trap_Melodies/Cymatics Gems Vol 1 - Purple Dreams - 126 A Min.wav,Cymatics Gems Vol 1 - Purple Dreams - 126 A Min,,,,False
Cymatics_Gems_Vol_1_Trap_Melodies/Cymatics Gems Vol 1 - Ride or Die - 150 BPM D# Min.wav,Cymatics Gems Vol 1 - Ride or Die - 150 BPM D# Min,,,,False
Cymatics_Gems_Vol_1_Trap_Melodies/Cymatics Gems Vol 1 - Smoke In My Lungs - 152 BPM B Min.wav,Cymatics Gems Vol 1 - Smoke In My Lungs - 152 BPM B Min,,,,False
Cymatics_Gems_Vol_1_Trap_Melodies/Cymatics Gems Vol 1 - Tonic - 120 BPM B Min.wav,Cymatics Gems Vol 1 - Tonic - 120 BPM B Min,,,,False
Cymatics_Gems_Vol_1_Trap_Melodies/Cymatics Gems Vol 1 - Warzone - 130 BPM C Min.wav,Cymatics Gems Vol 1 - Warzone - 130 BPM C Min,,,,False
