rank,pred_score,pred_timbre,pred_melody,density,file
1,5.685,2.72,2.97,1.00,0427__F#min_113_cobra__Dusk__loop-Cymatics_Cobra_Flute_Loop___seed7.wav
2,5.683,2.79,2.89,0.99,0085__Amin_160_misc__Depths__loop-Cymatics_2020_Nostalgic_Me__seed7.wav
3,5.676,2.72,2.96,1.00,0295__Dmin_100_r&b__LATE__loop-Cymatics_Dragon_R_B_Loop_L__seed7.wav
4,5.670,2.96,2.71,1.00,0076__Amin_130_sad__Halo__loop-Cymatics_Oracle_Sad_Melody__seed7.wav
5,5.663,2.71,2.95,0.97,0097__Bmin_110_dark__Mirage__loop-Cymatics_Dragon_Platinum_D__seed7.wav
6,5.654,2.83,2.82,1.00,0382__Emin_94_dark__POWER__loop-Cymatics_Gems_Dark_Loop_Nu__seed7.wav
7,5.654,2.78,2.87,0.97,0311__Dmin_140_dark__LowKey__loop-Cymatics_Dragon_Dark_Loop___seed123.wav
8,5.650,2.62,3.03,1.00,0397__F#min_105_dark__Glassland__loop-Cymatics_Oracle_Dark_Melod__seed7.wav
9,5.649,3.01,2.64,1.00,0127__Bmin_140_sad__Mars__loop-Cymatics_Dragon_Sad_Loop_F__seed7.wav
10,5.649,2.58,3.07,0.97,0206__Cmin_80_various__Halo__loop-Cymatics_Dragon_Various_Lo__seed123.wav
11,5.646,2.87,2.78,1.00,0123__Bmin_140_sad__Nasty__loop-Cymatics_Dragon_Sad_Loop_F__seed777.wav
12,5.642,2.62,3.02,0.99,0106__Bmin_110_dark__Midnight__loop-Cymatics_Dragon_Platinum_D__seed7.wav
13,5.634,2.90,2.73,1.00,0235__Cmin_128_dragon__LATE__loop-Cymatics_Dragon_Nostalgic___seed7.wav
14,5.634,2.88,2.75,0.89,0150__C#min_150_dragon__LATE__loop-Cymatics_Dragon_Orchestral__seed777.wav
15,5.633,2.80,2.83,1.00,0407__F#min_105_dark__Cry__loop-Cymatics_Oracle_Dark_Melod__seed123.wav
16,5.631,2.65,2.99,1.00,0265__D#min_140_cobra__Halo__loop-Cymatics_Cobra_Melody_Loop__seed7.wav
17,5.630,2.58,3.05,1.00,0100__Bmin_110_dark__Halo__loop-Cymatics_Dragon_Platinum_D__seed7.wav
18,5.630,2.97,2.66,0.98,0489__G#min_105_ethnic__Panda__loop-Cymatics_Dragon_Ethnic_Loo__seed777.wav
19,5.625,2.73,2.89,1.00,0429__F#min_113_cobra__Dusk__loop-Cymatics_Cobra_Flute_Loop___seed777.wav
20,5.621,2.82,2.80,0.98,0437__Fmin_160_various__Depths__loop-Cymatics_Oracle_Various_Me__seed123.wav
21,5.621,2.89,2.73,0.99,0122__Bmin_140_sad__Nasty__loop-Cymatics_Dragon_Sad_Loop_F__seed123.wav
22,5.614,2.98,2.64,0.95,0224__Cmin_65_trap__StarLight__loop-Cymatics_Dragon_Platinum_O__seed123.wav
23,5.613,2.69,2.92,1.00,0296__Dmin_100_r&b__LATE__loop-Cymatics_Dragon_R_B_Loop_L__seed123.wav
24,5.611,3.13,2.48,1.00,0078__Amin_130_sad__Halo__loop-Cymatics_Oracle_Sad_Melody__seed777.wav
25,5.610,2.90,2.71,1.00,0302__Dmin_140_dark__Mars__loop-Cymatics_Dragon_Dark_Loop___seed123.wav
26,5.607,2.78,2.82,1.00,0117__Bmin_167_dark__Midnight__loop-Cymatics_Oracle_Dark_Melod__seed777.wav
27,5.607,2.65,2.96,0.94,0417__F#min_130_sad__Midnight__loop-Cymatics_Oracle_Sad_Melody__seed777.wav
28,5.606,2.71,2.90,1.00,0464__Fmin_70_r&b__Coldhearted__loop-Cymatics_Dragon_Platinum_R__seed123.wav
29,5.604,2.68,2.92,1.00,0292__Dmin_100_r&b__StarLight__loop-Cymatics_Dragon_R_B_Loop_L__seed7.wav
30,5.603,2.89,2.71,1.00,0301__Dmin_140_dark__Mars__loop-Cymatics_Dragon_Dark_Loop___seed7.wav
31,5.599,2.60,3.00,0.96,0377__Emin_94_dark__BANDS__loop-Cymatics_Gems_Dark_Loop_Nu__seed123.wav
32,5.599,2.70,2.90,0.92,0563__Gmin_102_rnb__Halo__loop-Cymatics_Gems_Vol_6_Fading__seed123.wav
33,5.595,2.79,2.81,1.00,0322__Dmin_120_oracle__Cry__loop-Cymatics_Oracle_Simple_Mel__seed7.wav
34,5.588,2.55,3.03,0.96,0383__Emin_94_dark__POWER__loop-Cymatics_Gems_Dark_Loop_Nu__seed123.wav
35,5.580,2.78,2.80,1.00,0428__F#min_113_cobra__Dusk__loop-Cymatics_Cobra_Flute_Loop___seed123.wav
36,5.575,2.83,2.75,1.00,0129__Bmin_140_sad__Mars__loop-Cymatics_Dragon_Sad_Loop_F__seed777.wav
37,5.566,2.85,2.72,1.00,0434__Fmin_160_various__Coldhearted__loop-Cymatics_Oracle_Various_Me__seed123.wav
38,5.557,2.61,2.95,1.00,0103__Bmin_110_dark__POWER__loop-Cymatics_Dragon_Platinum_D__seed7.wav
39,5.557,2.87,2.69,1.00,0232__Cmin_128_dragon__JuPitER__loop-Cymatics_Dragon_Nostalgic___seed7.wav
40,5.549,2.85,2.70,0.99,0131__Bmin_140_sad__AzUL__loop-Cymatics_Dragon_Sad_Loop_F__seed123.wav
41,5.544,2.97,2.58,1.00,0019__A#min_152_dragon__Midnight__loop-Cymatics_Dragon_Nostalgic___seed7.wav
42,5.540,2.88,2.66,0.99,0125__Bmin_140_sad__Rent_Free__loop-Cymatics_Dragon_Sad_Loop_F__seed123.wav
43,5.537,2.60,2.94,0.93,0418__F#min_130_sad__Echo__loop-Cymatics_Oracle_Sad_Melody__seed7.wav
44,5.533,2.73,2.81,1.00,0289__Dmin_100_r&b__Velvet__loop-Cymatics_Dragon_R_B_Loop_L__seed7.wav
45,5.514,2.66,2.85,0.99,0098__Bmin_110_dark__Mirage__loop-Cymatics_Dragon_Platinum_D__seed123.wav
46,5.513,2.65,2.86,1.00,0290__Dmin_100_r&b__Velvet__loop-Cymatics_Dragon_R_B_Loop_L__seed123.wav
47,5.506,2.72,2.78,0.94,0555__Gmin_102_rnb__Panda__loop-Cymatics_Gems_Vol_6_Fading__seed777.wav
48,5.502,2.55,2.96,0.93,0411__F#min_130_sad__Twilight__loop-Cymatics_Oracle_Sad_Melody__seed777.wav
49,5.502,2.91,2.59,0.99,0516__G#min_85_sad__Soulful__loop-Cymatics_Dragon_Sad_Loop_L__seed777.wav
50,5.499,2.74,2.76,0.99,0036__A#min_97_oracle__AzUL__loop-Cymatics_Oracle_West_Coast__seed777.wav
51,5.490,2.45,3.04,1.00,0266__D#min_140_cobra__Halo__loop-Cymatics_Cobra_Melody_Loop__seed123.wav
52,5.489,2.59,2.90,1.00,0350__Emin_110_cobra__Panda__loop-Cymatics_Cobra_Melody_Loop__seed123.wav
53,5.488,2.65,2.84,0.99,0440__Fmin_160_various__BANDS__loop-Cymatics_Oracle_Various_Me__seed123.wav
54,5.487,2.63,2.86,1.00,0298__Dmin_100_r&b__BANDS__loop-Cymatics_Dragon_R_B_Loop_L__seed7.wav
55,5.484,2.63,2.86,1.00,0116__Bmin_167_dark__Midnight__loop-Cymatics_Oracle_Dark_Melod__seed123.wav
56,5.474,2.60,2.88,0.99,0385__F#min_100_rnb__Ember__loop-Cymatics_Gems_Vol_6_Never___seed7.wav
57,5.472,2.54,2.94,1.00,0352__Emin_110_cobra__Scenic__loop-Cymatics_Cobra_Melody_Loop__seed7.wav
58,5.471,2.62,2.85,1.00,0293__Dmin_100_r&b__StarLight__loop-Cymatics_Dragon_R_B_Loop_L__seed123.wav
59,5.468,2.64,2.83,0.99,0291__Dmin_100_r&b__Velvet__loop-Cymatics_Dragon_R_B_Loop_L__seed777.wav
60,5.467,2.85,2.62,0.91,0215__Cmin_80_various__Rent_Free__loop-Cymatics_Dragon_Various_Lo__seed123.wav
61,5.460,2.61,2.85,1.00,0332__Dmin_160_ethnic__JUNGLE__loop-Cymatics_Dragon_Ethnic_Loo__seed123.wav
62,5.450,2.88,2.57,1.00,0016__A#min_152_dragon__Velvet__loop-Cymatics_Dragon_Nostalgic___seed7.wav
63,5.449,2.69,2.76,1.00,0316__Dmin_120_oracle__Crystal__loop-Cymatics_Oracle_Simple_Mel__seed7.wav
64,5.440,2.76,2.68,0.97,0260__D#min_90_r&b__JuPitER__loop-Cymatics_Oracle_R_B_Melody__seed123.wav
65,5.437,2.46,2.98,1.00,0504__G#min_150_dragon__Depths__loop-Cymatics_Dragon_Orchestral__seed777.wav
66,5.434,2.82,2.61,0.97,0211__Cmin_80_various__Panda__loop-Cymatics_Dragon_Various_Lo__seed7.wav
67,5.431,2.59,2.84,0.99,0031__A#min_97_oracle__Soulful__loop-Cymatics_Oracle_West_Coast__seed7.wav
68,5.429,2.85,2.58,1.00,0121__Bmin_140_sad__Nasty__loop-Cymatics_Dragon_Sad_Loop_F__seed7.wav
69,5.429,2.68,2.75,0.99,0513__G#min_85_sad__Rent_Free__loop-Cymatics_Dragon_Sad_Loop_L__seed777.wav
70,5.429,2.64,2.79,0.92,0537__Gmin_136_dark__FlaMEnCO__loop-Cymatics_Dragon_Dark_Loop___seed777.wav
71,5.427,2.65,2.78,1.00,0094__Amin_160_misc__JuPitER__loop-Cymatics_2020_Nostalgic_Me__seed7.wav
72,5.422,2.80,2.63,0.99,0310__Dmin_140_dark__LowKey__loop-Cymatics_Dragon_Dark_Loop___seed7.wav
73,5.418,2.68,2.74,1.00,0112__Bmin_167_dark__Scenic__loop-Cymatics_Oracle_Dark_Melod__seed7.wav
74,5.413,2.47,2.94,1.00,0269__D#min_140_cobra__CANOPY__loop-Cymatics_Cobra_Melody_Loop__seed123.wav
75,5.411,2.72,2.69,0.94,0220__Cmin_65_trap__BANDS__loop-Cymatics_Dragon_Platinum_O__seed7.wav
76,5.410,2.65,2.76,1.00,0404__F#min_105_dark__Mars__loop-Cymatics_Oracle_Dark_Melod__seed123.wav
77,5.407,2.85,2.56,1.00,0113__Bmin_167_dark__Scenic__loop-Cymatics_Oracle_Dark_Melod__seed123.wav
78,5.405,2.75,2.66,1.00,0442__Fmin_160_various__Coupe__loop-Cymatics_Oracle_Various_Me__seed7.wav
79,5.403,2.53,2.88,1.00,0353__Emin_110_cobra__Scenic__loop-Cymatics_Cobra_Melody_Loop__seed123.wav
80,5.389,2.56,2.83,0.93,0409__F#min_130_sad__Twilight__loop-Cymatics_Oracle_Sad_Melody__seed7.wav
81,5.389,2.39,3.00,1.00,0468__Fmin_70_r&b__Echo__loop-Cymatics_Dragon_Platinum_R__seed777.wav
82,5.387,2.54,2.85,0.99,0294__Dmin_100_r&b__StarLight__loop-Cymatics_Dragon_R_B_Loop_L__seed777.wav
83,5.378,2.46,2.92,1.00,0267__D#min_140_cobra__Halo__loop-Cymatics_Cobra_Melody_Loop__seed777.wav
84,5.377,2.34,3.03,1.00,0487__G#min_105_ethnic__Panda__loop-Cymatics_Dragon_Ethnic_Loo__seed7.wav
85,5.373,2.51,2.86,0.99,0394__F#min_100_rnb__Depths__loop-Cymatics_Gems_Vol_6_Never___seed7.wav
86,5.372,2.54,2.83,1.00,0359__Emin_110_cobra__Glassland__loop-Cymatics_Cobra_Melody_Loop__seed123.wav
87,5.365,2.63,2.73,1.00,0268__D#min_140_cobra__CANOPY__loop-Cymatics_Cobra_Melody_Loop__seed7.wav
88,5.365,2.44,2.93,1.00,0452__Fmin_130_dragon__Pressure__loop-Cymatics_Dragon_Nostalgic___seed123.wav
89,5.363,2.67,2.69,1.00,0203__Cmin_102_oracle__Nasty__loop-Cymatics_Oracle_West_Coast__seed123.wav
90,5.353,2.55,2.80,0.89,0491__G#min_105_ethnic__BANDS__loop-Cymatics_Dragon_Ethnic_Loo__seed123.wav
91,5.351,2.58,2.77,0.90,0347__Emin_160_cobra__Rent_Free__loop-Cymatics_Cobra_Melody_Loop__seed123.wav
92,5.348,2.63,2.72,0.99,0222__Cmin_65_trap__BANDS__loop-Cymatics_Dragon_Platinum_O__seed777.wav
93,5.348,2.73,2.62,0.96,0218__Cmin_65_trap__Depths__loop-Cymatics_Dragon_Platinum_O__seed123.wav
94,5.347,2.50,2.85,0.93,0057__Amin_130_ethnic__ICE__loop-Cymatics_Dragon_Platinum_E__seed777.wav
95,5.343,2.46,2.88,1.00,0109__Bmin_167_dark__CoSmoS__loop-Cymatics_Oracle_Dark_Melod__seed7.wav
96,5.343,2.68,2.66,1.00,0069__Amin_88_oracle__Emotions__loop-Cymatics_Oracle_Classic_Me__seed777.wav
97,5.336,2.37,2.97,1.00,0500__G#min_150_dragon__LATE__loop-Cymatics_Dragon_Orchestral__seed123.wav
98,5.332,2.94,2.39,1.00,0566__Gmin_126_ethnic__LATE__loop-Cymatics_Gems_Ethnic_Loop___seed123.wav
99,5.332,2.47,2.87,1.00,0459__Fmin_70_r&b__ICE__loop-Cymatics_Dragon_Platinum_R__seed777.wav
100,5.329,2.76,2.57,0.93,0226__Cmin_65_trap__Glassland__loop-Cymatics_Dragon_Platinum_O__seed7.wav
101,5.325,2.41,2.91,1.00,0495__G#min_150_dragon__Velvet__loop-Cymatics_Dragon_Orchestral__seed777.wav
102,5.325,2.52,2.81,0.99,0297__Dmin_100_r&b__LATE__loop-Cymatics_Dragon_R_B_Loop_L__seed777.wav
103,5.322,2.79,2.53,1.00,0110__Bmin_167_dark__CoSmoS__loop-Cymatics_Oracle_Dark_Melod__seed123.wav
104,5.317,2.70,2.62,0.97,0205__Cmin_80_various__Halo__loop-Cymatics_Dragon_Various_Lo__seed7.wav
105,5.314,2.62,2.70,1.00,0463__Fmin_70_r&b__Coldhearted__loop-Cymatics_Dragon_Platinum_R__seed7.wav
106,5.313,2.49,2.82,0.99,0388__F#min_100_rnb__Veil__loop-Cymatics_Gems_Vol_6_Never___seed7.wav
107,5.312,2.41,2.90,1.00,0369__Emin_150_various__LATE__loop-Cymatics_Oracle_Various_Me__seed777.wav
108,5.312,2.31,3.00,1.00,0138__Bmin_125_oracle__BANDS__loop-Cymatics_Oracle_Nostalgic___seed777.wav
109,5.306,2.33,2.98,1.00,0160__C#min_135_dragon__CANOPY__loop-Cymatics_Dragon_Nostalgic___seed7.wav
110,5.305,2.28,3.03,1.00,0096__Amin_160_misc__JuPitER__loop-Cymatics_2020_Nostalgic_Me__seed777.wav
111,5.305,2.50,2.80,1.00,0396__F#min_100_rnb__Depths__loop-Cymatics_Gems_Vol_6_Never___seed777.wav
112,5.304,2.52,2.78,0.94,0415__F#min_130_sad__Midnight__loop-Cymatics_Oracle_Sad_Melody__seed7.wav
113,5.294,2.47,2.82,1.00,0329__Dmin_160_ethnic__CoSmoS__loop-Cymatics_Dragon_Ethnic_Loo__seed123.wav
114,5.292,2.50,2.79,0.94,0420__F#min_130_sad__Echo__loop-Cymatics_Oracle_Sad_Melody__seed777.wav
115,5.288,2.44,2.84,0.92,0514__G#min_85_sad__Soulful__loop-Cymatics_Dragon_Sad_Loop_L__seed7.wav
116,5.288,2.40,2.88,1.00,0139__Bmin_125_oracle__Ember__loop-Cymatics_Oracle_Nostalgic___seed7.wav
117,5.287,2.52,2.77,1.00,0349__Emin_110_cobra__Panda__loop-Cymatics_Cobra_Melody_Loop__seed7.wav
118,5.281,2.53,2.76,1.00,0271__D#min_140_cobra__Pressure__loop-Cymatics_Cobra_Melody_Loop__seed7.wav
119,5.280,2.53,2.75,0.99,0381__Emin_94_dark__JuPitER__loop-Cymatics_Gems_Dark_Loop_Nu__seed777.wav
120,5.279,2.54,2.74,1.00,0447__Fmin_130_dragon__ACTiVE__loop-Cymatics_Dragon_Nostalgic___seed777.wav
121,5.278,2.49,2.79,1.00,0351__Emin_110_cobra__Panda__loop-Cymatics_Cobra_Melody_Loop__seed777.wav
122,5.274,2.74,2.53,0.93,0536__Gmin_136_dark__FlaMEnCO__loop-Cymatics_Dragon_Dark_Loop___seed123.wav
123,5.273,2.49,2.78,1.00,0143__Bmin_125_oracle__Scenic__loop-Cymatics_Oracle_Nostalgic___seed123.wav
124,5.269,2.54,2.73,1.00,0402__F#min_105_dark__ACTiVE__loop-Cymatics_Oracle_Dark_Melod__seed777.wav
125,5.266,2.39,2.87,1.00,0141__Bmin_125_oracle__Ember__loop-Cymatics_Oracle_Nostalgic___seed777.wav
126,5.261,2.63,2.63,1.00,0197__Cmin_102_oracle__Coldhearted__loop-Cymatics_Oracle_West_Coast__seed123.wav
127,5.259,2.35,2.91,1.00,0144__Bmin_125_oracle__Scenic__loop-Cymatics_Oracle_Nostalgic___seed777.wav
128,5.257,2.37,2.88,1.00,0501__G#min_150_dragon__LATE__loop-Cymatics_Dragon_Orchestral__seed777.wav
129,5.254,2.63,2.63,0.96,0221__Cmin_65_trap__BANDS__loop-Cymatics_Dragon_Platinum_O__seed123.wav
130,5.254,2.57,2.69,0.97,0453__Fmin_130_dragon__Pressure__loop-Cymatics_Dragon_Nostalgic___seed777.wav
131,5.253,2.24,3.01,1.00,0481__G#min_105_ethnic__CoSmoS__loop-Cymatics_Dragon_Ethnic_Loo__seed7.wav
132,5.252,2.62,2.63,0.98,0118__Bmin_167_dark__Nasty__loop-Cymatics_Oracle_Dark_Melod__seed7.wav
133,5.249,2.72,2.53,0.99,0219__Cmin_65_trap__Depths__loop-Cymatics_Dragon_Platinum_O__seed777.wav
134,5.243,2.40,2.84,1.00,0163__C#min_135_dragon__Dusk__loop-Cymatics_Dragon_Nostalgic___seed7.wav
135,5.239,2.47,2.77,0.97,0389__F#min_100_rnb__Veil__loop-Cymatics_Gems_Vol_6_Never___seed123.wav
136,5.237,2.53,2.71,1.00,0275__D#min_140_cobra__TrapSoul__loop-Cymatics_Cobra_Melody_Loop__seed123.wav
137,5.236,2.65,2.59,0.99,0307__Dmin_140_dark__Soulful__loop-Cymatics_Dragon_Dark_Loop___seed7.wav
138,5.235,2.70,2.54,1.00,0319__Dmin_120_oracle__Velvet__loop-Cymatics_Oracle_Simple_Mel__seed7.wav
139,5.235,2.40,2.84,1.00,0465__Fmin_70_r&b__Coldhearted__loop-Cymatics_Dragon_Platinum_R__seed777.wav
140,5.234,2.43,2.80,1.00,0136__Bmin_125_oracle__BANDS__loop-Cymatics_Oracle_Nostalgic___seed7.wav
141,5.234,2.62,2.61,0.99,0022__A#min_152_dragon__BANDS__loop-Cymatics_Dragon_Nostalgic___seed7.wav
142,5.226,2.54,2.69,0.97,0030__A#min_97_oracle__Halo__loop-Cymatics_Oracle_West_Coast__seed777.wav
143,5.222,2.35,2.87,1.00,0115__Bmin_167_dark__Midnight__loop-Cymatics_Oracle_Dark_Melod__seed7.wav
144,5.217,2.43,2.79,1.00,0390__F#min_100_rnb__Veil__loop-Cymatics_Gems_Vol_6_Never___seed777.wav
145,5.201,2.66,2.54,0.92,0147__C#min_150_dragon__CoSmoS__loop-Cymatics_Dragon_Orchestral__seed777.wav
146,5.200,2.43,2.77,1.00,0149__C#min_150_dragon__LATE__loop-Cymatics_Dragon_Orchestral__seed123.wav
147,5.200,2.44,2.76,0.97,0395__F#min_100_rnb__Depths__loop-Cymatics_Gems_Vol_6_Never___seed123.wav
148,5.195,2.70,2.49,1.00,0370__Emin_150_various__ACTiVE__loop-Cymatics_Oracle_Various_Me__seed7.wav
149,5.193,2.52,2.67,1.00,0358__Emin_110_cobra__Glassland__loop-Cymatics_Cobra_Melody_Loop__seed7.wav
150,5.185,2.69,2.49,1.00,0436__Fmin_160_various__Depths__loop-Cymatics_Oracle_Various_Me__seed7.wav
151,5.185,2.36,2.83,0.91,0167__C#min_135_dragon__Panda__loop-Cymatics_Dragon_Nostalgic___seed123.wav
152,5.180,2.29,2.89,1.00,0497__G#min_150_dragon__Steppa__loop-Cymatics_Dragon_Orchestral__seed123.wav
153,5.166,2.18,2.99,1.00,0272__D#min_140_cobra__Pressure__loop-Cymatics_Cobra_Melody_Loop__seed123.wav
154,5.166,2.41,2.75,0.99,0300__Dmin_100_r&b__BANDS__loop-Cymatics_Dragon_R_B_Loop_L__seed777.wav
155,5.164,2.47,2.70,0.97,0392__F#min_100_rnb__Soulful__loop-Cymatics_Gems_Vol_6_Never___seed123.wav
156,5.161,2.55,2.61,0.99,0111__Bmin_167_dark__CoSmoS__loop-Cymatics_Oracle_Dark_Melod__seed777.wav
157,5.160,2.52,2.64,0.99,0333__Dmin_160_ethnic__JUNGLE__loop-Cymatics_Dragon_Ethnic_Loo__seed777.wav
158,5.154,2.35,2.81,1.00,0198__Cmin_102_oracle__Coldhearted__loop-Cymatics_Oracle_West_Coast__seed777.wav
159,5.154,2.61,2.55,0.98,0486__G#min_105_ethnic__TrapSoul__loop-Cymatics_Dragon_Ethnic_Loo__seed777.wav
160,5.152,2.31,2.84,1.00,0372__Emin_150_various__ACTiVE__loop-Cymatics_Oracle_Various_Me__seed777.wav
161,5.152,2.31,2.84,0.99,0095__Amin_160_misc__JuPitER__loop-Cymatics_2020_Nostalgic_Me__seed123.wav
162,5.149,2.37,2.78,0.99,0092__Amin_160_misc__POWER__loop-Cymatics_2020_Nostalgic_Me__seed123.wav
163,5.141,2.56,2.59,1.00,0400__F#min_105_dark__ACTiVE__loop-Cymatics_Oracle_Dark_Melod__seed7.wav
164,5.141,2.72,2.42,1.00,0052__Amin_130_ethnic__Rent_Free__loop-Cymatics_Dragon_Platinum_E__seed7.wav
165,5.140,2.54,2.60,0.99,0391__F#min_100_rnb__Soulful__loop-Cymatics_Gems_Vol_6_Never___seed7.wav
166,5.140,2.44,2.70,1.00,0575__Gmin_126_ethnic__ACTiVE__loop-Cymatics_Gems_Ethnic_Loop___seed123.wav
167,5.139,2.51,2.63,0.99,0128__Bmin_140_sad__Mars__loop-Cymatics_Dragon_Sad_Loop_F__seed123.wav
168,5.138,2.42,2.72,0.94,0412__F#min_130_sad__Cry__loop-Cymatics_Oracle_Sad_Melody__seed7.wav
169,5.134,2.26,2.88,1.00,0546__Gmin_130_r&b__Ember__loop-Cymatics_Dragon_R_B_Loop_R__seed777.wav
170,5.134,2.60,2.53,0.89,0020__A#min_152_dragon__Midnight__loop-Cymatics_Dragon_Nostalgic___seed123.wav
171,5.133,2.57,2.56,0.96,0314__Dmin_120_oracle__Coldhearted__loop-Cymatics_Oracle_Simple_Mel__seed123.wav
172,5.132,2.42,2.71,1.00,0543__Gmin_130_r&b__FlaMEnCO__loop-Cymatics_Dragon_R_B_Loop_R__seed777.wav
173,5.130,2.45,2.68,1.00,0405__F#min_105_dark__Mars__loop-Cymatics_Oracle_Dark_Melod__seed777.wav
174,5.129,2.60,2.53,1.00,0401__F#min_105_dark__ACTiVE__loop-Cymatics_Oracle_Dark_Melod__seed123.wav
175,5.126,2.41,2.71,1.00,0273__D#min_140_cobra__Pressure__loop-Cymatics_Cobra_Melody_Loop__seed777.wav
176,5.125,2.55,2.57,1.00,0406__F#min_105_dark__Cry__loop-Cymatics_Oracle_Dark_Melod__seed7.wav
177,5.124,2.67,2.45,1.00,0119__Bmin_167_dark__Nasty__loop-Cymatics_Oracle_Dark_Melod__seed123.wav
178,5.123,2.50,2.62,1.00,0403__F#min_105_dark__Mars__loop-Cymatics_Oracle_Dark_Melod__seed7.wav
179,5.120,2.60,2.52,0.93,0398__F#min_105_dark__Glassland__loop-Cymatics_Oracle_Dark_Melod__seed123.wav
180,5.118,2.53,2.59,0.95,0441__Fmin_160_various__BANDS__loop-Cymatics_Oracle_Various_Me__seed777.wav
181,5.117,2.49,2.63,1.00,0422__F#min_113_cobra__Cry__loop-Cymatics_Cobra_Flute_Loop___seed123.wav
182,5.117,2.38,2.74,1.00,0460__Fmin_70_r&b__Ember__loop-Cymatics_Dragon_Platinum_R__seed7.wav
183,5.114,2.19,2.92,1.00,0484__G#min_105_ethnic__TrapSoul__loop-Cymatics_Dragon_Ethnic_Loo__seed7.wav
184,5.111,2.54,2.57,0.99,0304__Dmin_140_dark__Halo__loop-Cymatics_Dragon_Dark_Loop___seed7.wav
185,5.110,2.55,2.56,1.00,0331__Dmin_160_ethnic__JUNGLE__loop-Cymatics_Dragon_Ethnic_Loo__seed7.wav
186,5.108,2.29,2.82,1.00,0461__Fmin_70_r&b__Ember__loop-Cymatics_Dragon_Platinum_R__seed123.wav
187,5.105,2.41,2.69,1.00,0541__Gmin_130_r&b__FlaMEnCO__loop-Cymatics_Dragon_R_B_Loop_R__seed7.wav
188,5.105,2.65,2.53,0.84,0053__Amin_130_ethnic__Rent_Free__loop-Cymatics_Dragon_Platinum_E__seed123.wav
189,5.103,2.39,2.72,1.00,0243__D#min_106_various__Pressure__loop-Cymatics_Dragon_Various_Lo__seed777.wav
190,5.103,2.25,2.86,0.98,0239__Cmin_128_dragon__Crystal__loop-Cymatics_Dragon_Nostalgic___seed123.wav
191,5.100,2.41,2.69,1.00,0067__Amin_88_oracle__Emotions__loop-Cymatics_Oracle_Classic_Me__seed7.wav
192,5.098,2.55,2.54,1.00,0325__Dmin_160_ethnic__TrapSoul__loop-Cymatics_Dragon_Ethnic_Loo__seed7.wav
193,5.097,2.60,2.49,1.00,0077__Amin_130_sad__Halo__loop-Cymatics_Oracle_Sad_Melody__seed123.wav
194,5.097,2.20,2.90,1.00,0270__D#min_140_cobra__CANOPY__loop-Cymatics_Cobra_Melody_Loop__seed777.wav
195,5.089,2.43,2.66,1.00,0551__Gmin_130_r&b__Crystal__loop-Cymatics_Dragon_R_B_Loop_R__seed123.wav
196,5.088,2.35,2.74,1.00,0498__G#min_150_dragon__Steppa__loop-Cymatics_Dragon_Orchestral__seed777.wav
197,5.086,2.45,2.63,0.99,0054__Amin_130_ethnic__Rent_Free__loop-Cymatics_Dragon_Platinum_E__seed777.wav
198,5.084,2.27,2.81,0.93,0414__F#min_130_sad__Cry__loop-Cymatics_Oracle_Sad_Melody__seed777.wav
199,5.078,2.58,2.50,0.96,0066__Amin_88_oracle__BANDS__loop-Cymatics_Oracle_Classic_Me__seed777.wav
200,5.077,2.30,2.77,1.00,0201__Cmin_102_oracle__Depths__loop-Cymatics_Oracle_West_Coast__seed777.wav
201,5.075,2.34,2.73,1.00,0519__G#min_115_dark__Halo__loop-Cymatics_Gems_Dark_Loop_At__seed777.wav
202,5.074,2.48,2.60,1.00,0425__F#min_113_cobra__Rent_Free__loop-Cymatics_Cobra_Flute_Loop___seed123.wav
203,5.073,2.33,2.74,1.00,0166__C#min_135_dragon__Panda__loop-Cymatics_Dragon_Nostalgic___seed7.wav
204,5.069,2.39,2.68,1.00,0194__Cmin_102_oracle__Glassland__loop-Cymatics_Oracle_West_Coast__seed123.wav
205,5.053,2.36,2.70,1.00,0204__Cmin_102_oracle__Nasty__loop-Cymatics_Oracle_West_Coast__seed777.wav
206,5.052,2.45,2.61,1.00,0341__Emin_160_cobra__Depths__loop-Cymatics_Cobra_Melody_Loop__seed123.wav
207,5.051,2.38,2.67,0.94,0217__Cmin_65_trap__Depths__loop-Cymatics_Dragon_Platinum_O__seed7.wav
208,5.048,2.67,2.37,1.00,0313__Dmin_120_oracle__Coldhearted__loop-Cymatics_Oracle_Simple_Mel__seed7.wav
209,5.043,2.53,2.52,0.95,0225__Cmin_65_trap__StarLight__loop-Cymatics_Dragon_Platinum_O__seed777.wav
210,5.042,2.36,2.68,0.99,0093__Amin_160_misc__POWER__loop-Cymatics_2020_Nostalgic_Me__seed777.wav
211,5.040,2.62,2.42,0.92,0443__Fmin_160_various__Coupe__loop-Cymatics_Oracle_Various_Me__seed123.wav
212,5.035,2.56,2.48,0.99,0027__A#min_97_oracle__CoSmoS__loop-Cymatics_Oracle_West_Coast__seed777.wav
213,5.032,2.39,2.64,0.99,0045__A#min_150_various__Halo__loop-Cymatics_Dragon_Various_Lo__seed777.wav
214,5.031,2.19,2.84,1.00,0490__G#min_105_ethnic__BANDS__loop-Cymatics_Dragon_Ethnic_Loo__seed7.wav
215,5.027,2.50,2.53,0.96,0511__G#min_85_sad__Rent_Free__loop-Cymatics_Dragon_Sad_Loop_L__seed7.wav
216,5.027,2.34,2.68,0.96,0496__G#min_150_dragon__Steppa__loop-Cymatics_Dragon_Orchestral__seed7.wav
217,5.016,2.37,2.65,1.00,0200__Cmin_102_oracle__Depths__loop-Cymatics_Oracle_West_Coast__seed123.wav
218,5.014,2.63,2.38,0.95,0084__Amin_130_sad__ACTiVE__loop-Cymatics_Oracle_Sad_Melody__seed777.wav
219,5.011,2.52,2.49,0.98,0433__Fmin_160_various__Coldhearted__loop-Cymatics_Oracle_Various_Me__seed7.wav
220,5.008,2.38,2.63,0.97,0386__F#min_100_rnb__Ember__loop-Cymatics_Gems_Vol_6_Never___seed123.wav
221,5.006,2.52,2.49,0.99,0426__F#min_113_cobra__Rent_Free__loop-Cymatics_Cobra_Flute_Loop___seed777.wav
222,5.000,2.27,2.73,1.00,0446__Fmin_130_dragon__ACTiVE__loop-Cymatics_Dragon_Nostalgic___seed123.wav
223,4.998,2.48,2.52,0.99,0134__Bmin_125_oracle__Glassland__loop-Cymatics_Oracle_Nostalgic___seed123.wav
224,4.995,2.29,2.70,1.00,0545__Gmin_130_r&b__Ember__loop-Cymatics_Dragon_R_B_Loop_R__seed123.wav
225,4.993,2.30,2.70,1.00,0503__G#min_150_dragon__Depths__loop-Cymatics_Dragon_Orchestral__seed123.wav
226,4.988,2.24,2.74,1.00,0499__G#min_150_dragon__LATE__loop-Cymatics_Dragon_Orchestral__seed7.wav
227,4.987,2.19,2.79,0.91,0164__C#min_135_dragon__Dusk__loop-Cymatics_Dragon_Nostalgic___seed123.wav
228,4.987,2.22,2.77,0.94,0410__F#min_130_sad__Twilight__loop-Cymatics_Oracle_Sad_Melody__seed123.wav
229,4.984,2.59,2.40,0.98,0355__Emin_110_cobra__Rent_Free__loop-Cymatics_Cobra_Melody_Loop__seed7.wav
230,4.980,2.19,2.79,1.00,0523__G#min_115_dark__Dusk__loop-Cymatics_Gems_Dark_Loop_At__seed7.wav
231,4.978,2.56,2.42,0.88,0263__D#min_90_r&b__Panda__loop-Cymatics_Oracle_R_B_Melody__seed123.wav
232,4.968,2.48,2.68,0.82,0482__G#min_105_ethnic__CoSmoS__loop-Cymatics_Dragon_Ethnic_Loo__seed123.wav
233,4.967,2.37,2.60,1.00,0190__C#min_130_dark__JuPitER__loop-Cymatics_Dragon_Platinum_D__seed7.wav
234,4.960,2.47,2.49,1.00,0334__Dmin_160_ethnic__Ember__loop-Cymatics_Dragon_Ethnic_Loo__seed7.wav
235,4.950,2.19,2.76,1.00,0157__C#min_135_dragon__Coldhearted__loop-Cymatics_Dragon_Nostalgic___seed7.wav
236,4.948,2.64,2.31,1.00,0323__Dmin_120_oracle__Cry__loop-Cymatics_Oracle_Simple_Mel__seed123.wav
237,4.944,2.37,2.58,1.00,0366__Emin_150_various__Mars__loop-Cymatics_Oracle_Various_Me__seed777.wav
238,4.940,2.16,2.78,1.00,0360__Emin_110_cobra__Glassland__loop-Cymatics_Cobra_Melody_Loop__seed777.wav
239,4.939,2.19,2.75,1.00,0517__G#min_115_dark__Halo__loop-Cymatics_Gems_Dark_Loop_At__seed7.wav
240,4.931,2.28,2.65,0.91,0051__Amin_130_ethnic__Cry__loop-Cymatics_Dragon_Platinum_E__seed777.wav
241,4.929,2.13,2.80,1.00,0242__D#min_106_various__Pressure__loop-Cymatics_Dragon_Various_Lo__seed123.wav
242,4.927,2.36,2.57,0.98,0393__F#min_100_rnb__Soulful__loop-Cymatics_Gems_Vol_6_Never___seed777.wav
243,4.924,2.36,2.56,1.00,0421__F#min_113_cobra__Cry__loop-Cymatics_Cobra_Flute_Loop___seed7.wav
244,4.913,2.25,2.66,0.91,0505__G#min_85_sad__Mars__loop-Cymatics_Dragon_Sad_Loop_L__seed7.wav
245,4.911,2.24,2.67,1.00,0021__A#min_152_dragon__Midnight__loop-Cymatics_Dragon_Nostalgic___seed777.wav
246,4.910,2.28,2.63,1.00,0493__G#min_150_dragon__Velvet__loop-Cymatics_Dragon_Orchestral__seed7.wav
247,4.895,2.33,2.57,1.00,0335__Dmin_160_ethnic__Ember__loop-Cymatics_Dragon_Ethnic_Loo__seed123.wav
248,4.893,2.62,2.27,0.99,0081__Amin_130_sad__JuPitER__loop-Cymatics_Oracle_Sad_Melody__seed777.wav
249,4.893,2.18,2.71,1.00,0059__Amin_130_ethnic__LATE__loop-Cymatics_Dragon_Platinum_E__seed123.wav
250,4.892,2.23,2.67,1.00,0328__Dmin_160_ethnic__CoSmoS__loop-Cymatics_Dragon_Ethnic_Loo__seed7.wav
251,4.891,2.26,2.63,1.00,0494__G#min_150_dragon__Velvet__loop-Cymatics_Dragon_Orchestral__seed123.wav
252,4.891,2.43,2.46,0.99,0507__G#min_85_sad__Mars__loop-Cymatics_Dragon_Sad_Loop_L__seed777.wav
253,4.889,2.37,2.52,0.97,0253__D#min_90_r&b__Pressure__loop-Cymatics_Oracle_R_B_Melody__seed7.wav
254,4.887,2.37,2.52,1.00,0237__Cmin_128_dragon__LATE__loop-Cymatics_Dragon_Nostalgic___seed777.wav
255,4.885,2.42,2.47,1.00,0340__Emin_160_cobra__Depths__loop-Cymatics_Cobra_Melody_Loop__seed7.wav
256,4.881,2.24,2.64,1.00,0552__Gmin_130_r&b__Crystal__loop-Cymatics_Dragon_R_B_Loop_R__seed777.wav
257,4.879,2.53,2.60,0.81,0285__D#min_94_rnb__Mirage__loop-Cymatics_Gems_Vol_6_Glowin__seed777.wav
258,4.878,2.82,2.06,1.00,0567__Gmin_126_ethnic__LATE__loop-Cymatics_Gems_Ethnic_Loop___seed777.wav
259,4.873,2.26,2.62,0.93,0554__Gmin_102_rnb__Panda__loop-Cymatics_Gems_Vol_6_Fading__seed123.wav
260,4.873,2.45,2.42,0.99,0458__Fmin_70_r&b__ICE__loop-Cymatics_Dragon_Platinum_R__seed123.wav
261,4.872,2.29,2.58,1.00,0231__Cmin_128_dragon__Scenic__loop-Cymatics_Dragon_Nostalgic___seed777.wav
262,4.869,2.21,2.66,0.94,0416__F#min_130_sad__Midnight__loop-Cymatics_Oracle_Sad_Melody__seed123.wav
263,4.868,2.37,2.49,1.00,0145__C#min_150_dragon__CoSmoS__loop-Cymatics_Dragon_Orchestral__seed7.wav
264,4.861,2.44,2.42,1.00,0356__Emin_110_cobra__Rent_Free__loop-Cymatics_Cobra_Melody_Loop__seed123.wav
265,4.859,2.26,2.60,1.00,0326__Dmin_160_ethnic__TrapSoul__loop-Cymatics_Dragon_Ethnic_Loo__seed123.wav
266,4.855,2.31,2.55,1.00,0570__Gmin_126_ethnic__Crystal__loop-Cymatics_Gems_Ethnic_Loop___seed777.wav
267,4.845,2.19,2.66,1.00,0191__C#min_130_dark__JuPitER__loop-Cymatics_Dragon_Platinum_D__seed123.wav
268,4.844,2.31,2.53,1.00,0155__C#min_150_dragon__DreamDoor__loop-Cymatics_Dragon_Orchestral__seed123.wav
269,4.835,2.35,2.49,1.00,0039__A#min_150_various__ICE__loop-Cymatics_Dragon_Various_Lo__seed777.wav
270,4.833,2.46,2.38,1.00,0338__Emin_160_cobra__Mirage__loop-Cymatics_Cobra_Melody_Loop__seed123.wav
271,4.832,2.17,2.66,1.00,0450__Fmin_130_dragon__Rent_Free__loop-Cymatics_Dragon_Nostalgic___seed777.wav
272,4.824,2.20,2.62,1.00,0354__Emin_110_cobra__Scenic__loop-Cymatics_Cobra_Melody_Loop__seed777.wav
273,4.816,2.28,2.54,0.99,0060__Amin_130_ethnic__LATE__loop-Cymatics_Dragon_Platinum_E__seed777.wav
274,4.812,2.31,2.51,1.00,0548__Gmin_130_r&b__StarLight__loop-Cymatics_Dragon_R_B_Loop_R__seed123.wav
275,4.808,2.15,2.66,1.00,0524__G#min_115_dark__Dusk__loop-Cymatics_Gems_Dark_Loop_At__seed123.wav
276,4.805,2.36,2.44,1.00,0079__Amin_130_sad__JuPitER__loop-Cymatics_Oracle_Sad_Melody__seed7.wav
277,4.802,2.00,2.80,0.99,0449__Fmin_130_dragon__Rent_Free__loop-Cymatics_Dragon_Nostalgic___seed123.wav
278,4.801,2.29,2.51,0.98,0033__A#min_97_oracle__Soulful__loop-Cymatics_Oracle_West_Coast__seed777.wav
279,4.800,2.28,2.52,1.00,0241__D#min_106_various__Pressure__loop-Cymatics_Dragon_Various_Lo__seed7.wav
280,4.791,2.30,2.49,0.99,0234__Cmin_128_dragon__JuPitER__loop-Cymatics_Dragon_Nostalgic___seed777.wav
281,4.789,2.28,2.51,1.00,0315__Dmin_120_oracle__Coldhearted__loop-Cymatics_Oracle_Simple_Mel__seed777.wav
282,4.787,2.32,2.46,0.94,0023__A#min_152_dragon__BANDS__loop-Cymatics_Dragon_Nostalgic___seed123.wav
283,4.785,2.27,2.51,0.90,0255__D#min_90_r&b__Pressure__loop-Cymatics_Oracle_R_B_Melody__seed777.wav
284,4.784,2.23,2.56,1.00,0195__Cmin_102_oracle__Glassland__loop-Cymatics_Oracle_West_Coast__seed777.wav
285,4.779,2.27,2.51,0.98,0154__C#min_150_dragon__DreamDoor__loop-Cymatics_Dragon_Orchestral__seed7.wav
286,4.776,2.24,2.54,1.00,0544__Gmin_130_r&b__Ember__loop-Cymatics_Dragon_R_B_Loop_R__seed7.wav
287,4.770,2.27,2.50,0.90,0209__Cmin_80_various__JuPitER__loop-Cymatics_Dragon_Various_Lo__seed123.wav
288,4.768,2.38,2.39,1.00,0250__D#min_106_various__AzUL__loop-Cymatics_Dragon_Various_Lo__seed7.wav
289,4.764,2.20,2.56,1.00,0187__C#min_130_dark__Scenic__loop-Cymatics_Dragon_Platinum_D__seed7.wav
290,4.746,2.27,2.48,1.00,0089__Amin_160_misc__Soulful__loop-Cymatics_2020_Nostalgic_Me__seed123.wav
291,4.745,2.30,2.45,1.00,0048__A#min_150_various__Crystal__loop-Cymatics_Dragon_Various_Lo__seed777.wav
292,4.744,2.13,2.62,1.00,0520__G#min_115_dark__BANDS__loop-Cymatics_Gems_Dark_Loop_At__seed7.wav
293,4.743,2.51,2.23,0.97,0318__Dmin_120_oracle__Crystal__loop-Cymatics_Oracle_Simple_Mel__seed777.wav
294,4.742,2.42,2.33,1.00,0146__C#min_150_dragon__CoSmoS__loop-Cymatics_Dragon_Orchestral__seed123.wav
295,4.741,2.22,2.52,1.00,0165__C#min_135_dragon__Dusk__loop-Cymatics_Dragon_Nostalgic___seed777.wav
296,4.740,2.53,2.21,0.98,0467__Fmin_70_r&b__Echo__loop-Cymatics_Dragon_Platinum_R__seed123.wav
297,4.740,2.35,2.39,1.00,0330__Dmin_160_ethnic__CoSmoS__loop-Cymatics_Dragon_Ethnic_Loo__seed777.wav
298,4.739,2.31,2.43,0.99,0017__A#min_152_dragon__Velvet__loop-Cymatics_Dragon_Nostalgic___seed123.wav
299,4.736,2.26,2.47,1.00,0080__Amin_130_sad__JuPitER__loop-Cymatics_Oracle_Sad_Melody__seed123.wav
300,4.730,2.13,2.60,1.00,0251__D#min_106_various__AzUL__loop-Cymatics_Dragon_Various_Lo__seed123.wav
301,4.724,2.35,2.37,1.00,0344__Emin_160_cobra__Soulful__loop-Cymatics_Cobra_Melody_Loop__seed123.wav
302,4.716,2.27,2.45,0.99,0088__Amin_160_misc__Soulful__loop-Cymatics_2020_Nostalgic_Me__seed7.wav
303,4.711,2.18,2.53,1.00,0549__Gmin_130_r&b__StarLight__loop-Cymatics_Dragon_R_B_Loop_R__seed777.wav
304,4.711,2.31,2.40,1.00,0327__Dmin_160_ethnic__TrapSoul__loop-Cymatics_Dragon_Ethnic_Loo__seed777.wav
305,4.710,2.32,2.39,1.00,0542__Gmin_130_r&b__FlaMEnCO__loop-Cymatics_Dragon_R_B_Loop_R__seed123.wav
306,4.708,2.21,2.50,1.00,0576__Gmin_126_ethnic__ACTiVE__loop-Cymatics_Gems_Ethnic_Loop___seed777.wav
307,4.707,2.23,2.48,0.99,0018__A#min_152_dragon__Velvet__loop-Cymatics_Dragon_Nostalgic___seed777.wav
308,4.704,2.14,2.56,1.00,0135__Bmin_125_oracle__Glassland__loop-Cymatics_Oracle_Nostalgic___seed777.wav
309,4.703,2.16,2.54,1.00,0550__Gmin_130_r&b__Crystal__loop-Cymatics_Dragon_R_B_Loop_R__seed7.wav
310,4.701,2.28,2.42,1.00,0043__A#min_150_various__Halo__loop-Cymatics_Dragon_Various_Lo__seed7.wav
311,4.683,2.36,2.33,1.00,0337__Emin_160_cobra__Mirage__loop-Cymatics_Cobra_Melody_Loop__seed7.wav
312,4.681,2.23,2.45,0.95,0038__A#min_150_various__ICE__loop-Cymatics_Dragon_Various_Lo__seed123.wav
313,4.680,2.21,2.47,1.00,0525__G#min_115_dark__Dusk__loop-Cymatics_Gems_Dark_Loop_At__seed777.wav
314,4.676,2.31,2.37,1.00,0087__Amin_160_misc__Depths__loop-Cymatics_2020_Nostalgic_Me__seed777.wav
315,4.674,2.10,2.58,1.00,0526__G#min_115_dark__Echo__loop-Cymatics_Gems_Dark_Loop_At__seed7.wav
316,4.674,2.42,2.25,1.00,0247__D#min_106_various__Crystal__loop-Cymatics_Dragon_Various_Lo__seed7.wav
317,4.673,2.31,2.36,0.98,0034__A#min_97_oracle__AzUL__loop-Cymatics_Oracle_West_Coast__seed7.wav
318,4.660,2.12,2.54,0.94,0413__F#min_130_sad__Cry__loop-Cymatics_Oracle_Sad_Melody__seed123.wav
319,4.659,2.21,2.45,0.99,0148__C#min_150_dragon__LATE__loop-Cymatics_Dragon_Orchestral__seed7.wav
320,4.654,2.22,2.44,1.00,0168__C#min_135_dragon__Panda__loop-Cymatics_Dragon_Nostalgic___seed777.wav
321,4.653,2.43,2.23,1.00,0457__Fmin_70_r&b__ICE__loop-Cymatics_Dragon_Platinum_R__seed7.wav
322,4.651,2.18,2.47,1.00,0528__G#min_115_dark__Echo__loop-Cymatics_Gems_Dark_Loop_At__seed777.wav
323,4.646,2.14,2.51,1.00,0363__Emin_150_various__Coupe__loop-Cymatics_Oracle_Various_Me__seed777.wav
324,4.646,2.13,2.51,1.00,0142__Bmin_125_oracle__Scenic__loop-Cymatics_Oracle_Nostalgic___seed7.wav
325,4.645,2.43,2.22,0.96,0055__Amin_130_ethnic__ICE__loop-Cymatics_Dragon_Platinum_E__seed7.wav
326,4.642,2.14,2.50,1.00,0013__A#min_152_dragon__Crystal__loop-Cymatics_Dragon_Nostalgic___seed7.wav
327,4.638,2.28,2.35,1.00,0082__Amin_130_sad__ACTiVE__loop-Cymatics_Oracle_Sad_Melody__seed7.wav
328,4.634,2.24,2.39,0.94,0024__A#min_152_dragon__BANDS__loop-Cymatics_Dragon_Nostalgic___seed777.wav
329,4.630,2.34,2.29,0.88,0071__Amin_88_oracle__Crystal__loop-Cymatics_Oracle_Classic_Me__seed123.wav
330,4.628,2.28,2.35,0.99,0199__Cmin_102_oracle__Depths__loop-Cymatics_Oracle_West_Coast__seed7.wav
331,4.617,2.23,2.39,1.00,0058__Amin_130_ethnic__LATE__loop-Cymatics_Dragon_Platinum_E__seed7.wav
332,4.615,2.48,2.14,0.94,0320__Dmin_120_oracle__Velvet__loop-Cymatics_Oracle_Simple_Mel__seed123.wav
333,4.615,2.39,2.23,1.00,0120__Bmin_167_dark__Nasty__loop-Cymatics_Oracle_Dark_Melod__seed777.wav
334,4.614,2.27,2.35,1.00,0152__C#min_150_dragon__Veil__loop-Cymatics_Dragon_Orchestral__seed123.wav
335,4.613,2.10,2.52,1.00,0565__Gmin_126_ethnic__LATE__loop-Cymatics_Gems_Ethnic_Loop___seed7.wav
336,4.610,2.13,2.48,1.00,0184__C#min_130_dark__Midnight__loop-Cymatics_Dragon_Platinum_D__seed7.wav
337,4.605,2.30,2.30,1.00,0387__F#min_100_rnb__Ember__loop-Cymatics_Gems_Vol_6_Never___seed777.wav
338,4.603,2.20,2.40,0.91,0535__Gmin_136_dark__FlaMEnCO__loop-Cymatics_Dragon_Dark_Loop___seed7.wav
339,4.600,2.20,2.40,0.86,0153__C#min_150_dragon__Veil__loop-Cymatics_Dragon_Orchestral__seed777.wav
340,4.600,2.14,2.46,1.00,0170__C#min_136_r&b__AzUL__loop-Cymatics_Dragon_R_B_Loop_D__seed123.wav
341,4.596,2.06,2.54,0.94,0223__Cmin_65_trap__StarLight__loop-Cymatics_Dragon_Platinum_O__seed7.wav
342,4.594,2.22,2.37,1.00,0090__Amin_160_misc__Soulful__loop-Cymatics_2020_Nostalgic_Me__seed777.wav
343,4.586,2.25,2.34,0.98,0061__Amin_88_oracle__Dusk__loop-Cymatics_Oracle_Classic_Me__seed7.wav
344,4.582,2.04,2.54,1.00,0186__C#min_130_dark__Midnight__loop-Cymatics_Dragon_Platinum_D__seed777.wav
345,4.581,2.07,2.51,1.00,0568__Gmin_126_ethnic__Crystal__loop-Cymatics_Gems_Ethnic_Loop___seed7.wav
346,4.580,2.20,2.38,0.99,0423__F#min_113_cobra__Cry__loop-Cymatics_Cobra_Flute_Loop___seed777.wav
347,4.578,2.12,2.46,1.00,0430__F#min_113_cobra__Mirage__loop-Cymatics_Cobra_Flute_Loop___seed7.wav
348,4.576,2.25,2.33,1.00,0371__Emin_150_various__ACTiVE__loop-Cymatics_Oracle_Various_Me__seed123.wav
349,4.572,2.03,2.54,1.00,0086__Amin_160_misc__Depths__loop-Cymatics_2020_Nostalgic_Me__seed123.wav
350,4.572,2.26,2.32,1.00,0178__C#min_136_r&b__CoSmoS__loop-Cymatics_Dragon_R_B_Loop_D__seed7.wav
351,4.571,2.07,2.50,1.00,0502__G#min_150_dragon__Depths__loop-Cymatics_Dragon_Orchestral__seed7.wav
352,4.569,2.13,2.44,1.00,0169__C#min_136_r&b__AzUL__loop-Cymatics_Dragon_R_B_Loop_D__seed7.wav
353,4.568,2.26,2.31,0.87,0508__G#min_85_sad__Coupe__loop-Cymatics_Dragon_Sad_Loop_L__seed7.wav
354,4.565,2.15,2.42,0.99,0041__A#min_150_various__CoSmoS__loop-Cymatics_Dragon_Various_Lo__seed123.wav
355,4.564,2.19,2.37,0.99,0466__Fmin_70_r&b__Echo__loop-Cymatics_Dragon_Platinum_R__seed7.wav
356,4.564,2.15,2.42,1.00,0008__A#min_144_ethnic__JuPitER__loop-Cymatics_Dragon_Platinum_E__seed123.wav
357,4.563,2.39,2.18,0.98,0357__Emin_110_cobra__Rent_Free__loop-Cymatics_Cobra_Melody_Loop__seed777.wav
358,4.562,2.16,2.40,1.00,0188__C#min_130_dark__Scenic__loop-Cymatics_Dragon_Platinum_D__seed123.wav
359,4.561,2.17,2.39,1.00,0361__Emin_150_various__Coupe__loop-Cymatics_Oracle_Various_Me__seed7.wav
360,4.559,2.19,2.37,1.00,0240__Cmin_128_dragon__Crystal__loop-Cymatics_Dragon_Nostalgic___seed777.wav
361,4.555,2.25,2.31,0.99,0196__Cmin_102_oracle__Coldhearted__loop-Cymatics_Oracle_West_Coast__seed7.wav
362,4.550,2.07,2.48,1.00,0456__Fmin_130_dragon__TrapSoul__loop-Cymatics_Dragon_Nostalgic___seed777.wav
363,4.549,2.11,2.44,0.91,0158__C#min_135_dragon__Coldhearted__loop-Cymatics_Dragon_Nostalgic___seed123.wav
364,4.548,2.32,2.23,1.00,0174__C#min_136_r&b__Crystal__loop-Cymatics_Dragon_R_B_Loop_D__seed777.wav
365,4.547,2.25,2.30,0.85,0530__Gmin_136_dark__LowKey__loop-Cymatics_Dragon_Dark_Loop___seed123.wav
366,4.546,2.18,2.37,1.00,0176__C#min_136_r&b__Veil__loop-Cymatics_Dragon_R_B_Loop_D__seed123.wav
367,4.543,1.99,2.56,1.00,0521__G#min_115_dark__BANDS__loop-Cymatics_Gems_Dark_Loop_At__seed123.wav
368,4.542,2.01,2.53,1.00,0192__C#min_130_dark__JuPitER__loop-Cymatics_Dragon_Platinum_D__seed777.wav
369,4.541,2.23,2.31,1.00,0244__D#min_106_various__JUNGLE__loop-Cymatics_Dragon_Various_Lo__seed7.wav
370,4.539,2.13,2.41,1.00,0173__C#min_136_r&b__Crystal__loop-Cymatics_Dragon_R_B_Loop_D__seed123.wav
371,4.535,2.23,2.30,1.00,0083__Amin_130_sad__ACTiVE__loop-Cymatics_Oracle_Sad_Melody__seed123.wav
372,4.526,2.20,2.33,1.00,0162__C#min_135_dragon__CANOPY__loop-Cymatics_Dragon_Nostalgic___seed777.wav
373,4.523,2.26,2.32,0.84,0561__Gmin_102_rnb__ICE__loop-Cymatics_Gems_Vol_6_Fading__seed777.wav
374,4.520,2.15,2.37,1.00,0179__C#min_136_r&b__CoSmoS__loop-Cymatics_Dragon_R_B_Loop_D__seed123.wav
375,4.516,2.16,2.35,0.95,0044__A#min_150_various__Halo__loop-Cymatics_Dragon_Various_Lo__seed123.wav
376,4.508,2.27,2.24,0.96,0049__Amin_130_ethnic__Cry__loop-Cymatics_Dragon_Platinum_E__seed7.wav
377,4.503,2.00,2.50,0.99,0276__D#min_140_cobra__TrapSoul__loop-Cymatics_Cobra_Melody_Loop__seed777.wav
378,4.503,2.18,2.43,0.83,0026__A#min_97_oracle__CoSmoS__loop-Cymatics_Oracle_West_Coast__seed123.wav
379,4.493,2.10,2.39,1.00,0009__A#min_144_ethnic__JuPitER__loop-Cymatics_Dragon_Platinum_E__seed777.wav
380,4.484,2.14,2.39,0.84,0282__D#min_94_rnb__Glassland__loop-Cymatics_Gems_Vol_6_Glowin__seed777.wav
381,4.482,2.16,2.32,1.00,0151__C#min_150_dragon__Veil__loop-Cymatics_Dragon_Orchestral__seed7.wav
382,4.482,1.99,2.49,1.00,0572__Gmin_126_ethnic__Halo__loop-Cymatics_Gems_Ethnic_Loop___seed123.wav
383,4.478,2.34,2.13,0.88,0317__Dmin_120_oracle__Crystal__loop-Cymatics_Oracle_Simple_Mel__seed123.wav
384,4.477,2.13,2.35,0.99,0037__A#min_150_various__ICE__loop-Cymatics_Dragon_Various_Lo__seed7.wav
385,4.477,2.11,2.37,1.00,0172__C#min_136_r&b__Crystal__loop-Cymatics_Dragon_R_B_Loop_D__seed7.wav
386,4.474,2.21,2.26,1.00,0462__Fmin_70_r&b__Ember__loop-Cymatics_Dragon_Platinum_R__seed777.wav
387,4.471,2.02,2.45,1.00,0182__C#min_130_dark__Crystal__loop-Cymatics_Dragon_Platinum_D__seed123.wav
388,4.465,2.05,2.41,0.94,0343__Emin_160_cobra__Soulful__loop-Cymatics_Cobra_Melody_Loop__seed7.wav
389,4.465,2.12,2.34,1.00,0185__C#min_130_dark__Midnight__loop-Cymatics_Dragon_Platinum_D__seed123.wav
390,4.462,2.12,2.35,1.00,0181__C#min_130_dark__Crystal__loop-Cymatics_Dragon_Platinum_D__seed7.wav
391,4.454,2.07,2.38,1.00,0522__G#min_115_dark__BANDS__loop-Cymatics_Gems_Dark_Loop_At__seed777.wav
392,4.454,2.08,2.37,1.00,0569__Gmin_126_ethnic__Crystal__loop-Cymatics_Gems_Ethnic_Loop___seed123.wav
393,4.454,2.18,2.27,0.98,0193__Cmin_102_oracle__Glassland__loop-Cymatics_Oracle_West_Coast__seed7.wav
394,4.453,2.09,2.37,1.00,0547__Gmin_130_r&b__StarLight__loop-Cymatics_Dragon_R_B_Loop_R__seed7.wav
395,4.450,2.06,2.39,1.00,0006__A#min_144_ethnic__ICE__loop-Cymatics_Dragon_Platinum_E__seed777.wav
396,4.447,1.99,2.45,1.00,0248__D#min_106_various__Crystal__loop-Cymatics_Dragon_Various_Lo__seed123.wav
397,4.445,1.82,2.62,0.94,0419__F#min_130_sad__Echo__loop-Cymatics_Oracle_Sad_Melody__seed123.wav
398,4.442,2.06,2.38,1.00,0573__Gmin_126_ethnic__Halo__loop-Cymatics_Gems_Ethnic_Loop___seed777.wav
399,4.432,2.16,2.27,1.00,0180__C#min_136_r&b__CoSmoS__loop-Cymatics_Dragon_R_B_Loop_D__seed777.wav
400,4.432,2.18,2.25,0.99,0042__A#min_150_various__CoSmoS__loop-Cymatics_Dragon_Various_Lo__seed777.wav
401,4.431,2.20,2.24,1.00,0003__A#min_144_ethnic__Ember__loop-Cymatics_Dragon_Platinum_E__seed777.wav
402,4.426,2.17,2.25,1.00,0175__C#min_136_r&b__Veil__loop-Cymatics_Dragon_R_B_Loop_D__seed7.wav
403,4.422,2.05,2.37,1.00,0189__C#min_130_dark__Scenic__loop-Cymatics_Dragon_Platinum_D__seed777.wav
404,4.420,2.28,2.14,0.92,0091__Amin_160_misc__POWER__loop-Cymatics_2020_Nostalgic_Me__seed7.wav
405,4.420,2.24,2.18,0.90,0533__Gmin_136_dark__Coldhearted__loop-Cymatics_Dragon_Dark_Loop___seed123.wav
406,4.418,2.22,2.20,0.89,0025__A#min_97_oracle__CoSmoS__loop-Cymatics_Oracle_West_Coast__seed7.wav
407,4.417,2.39,2.28,0.80,0435__Fmin_160_various__Coldhearted__loop-Cymatics_Oracle_Various_Me__seed777.wav
408,4.416,2.10,2.31,1.00,0171__C#min_136_r&b__AzUL__loop-Cymatics_Dragon_R_B_Loop_D__seed777.wav
409,4.408,2.24,2.17,1.00,0336__Dmin_160_ethnic__Ember__loop-Cymatics_Dragon_Ethnic_Loo__seed777.wav
410,4.406,2.20,2.20,0.92,0539__Gmin_136_dark__Coupe__loop-Cymatics_Dragon_Dark_Loop___seed123.wav
411,4.402,2.33,2.51,0.77,0050__Amin_130_ethnic__Cry__loop-Cymatics_Dragon_Platinum_E__seed123.wav
412,4.395,2.27,2.13,1.00,0368__Emin_150_various__LATE__loop-Cymatics_Oracle_Various_Me__seed123.wav
413,4.395,2.00,2.39,1.00,0014__A#min_152_dragon__Crystal__loop-Cymatics_Dragon_Nostalgic___seed123.wav
414,4.389,2.07,2.32,1.00,0002__A#min_144_ethnic__Ember__loop-Cymatics_Dragon_Platinum_E__seed123.wav
415,4.384,2.24,2.15,0.91,0065__Amin_88_oracle__BANDS__loop-Cymatics_Oracle_Classic_Me__seed123.wav
416,4.384,2.08,2.30,1.00,0274__D#min_140_cobra__TrapSoul__loop-Cymatics_Cobra_Melody_Loop__seed7.wav
417,4.379,2.18,2.20,1.00,0364__Emin_150_various__Mars__loop-Cymatics_Oracle_Various_Me__seed7.wav
418,4.378,2.17,2.20,1.00,0159__C#min_135_dragon__Coldhearted__loop-Cymatics_Dragon_Nostalgic___seed777.wav
419,4.378,1.91,2.47,1.00,0183__C#min_130_dark__Crystal__loop-Cymatics_Dragon_Platinum_D__seed777.wav
420,4.377,2.10,2.28,1.00,0245__D#min_106_various__JUNGLE__loop-Cymatics_Dragon_Various_Lo__seed123.wav
421,4.372,2.09,2.28,1.00,0177__C#min_136_r&b__Veil__loop-Cymatics_Dragon_R_B_Loop_D__seed777.wav
422,4.358,2.03,2.33,1.00,0005__A#min_144_ethnic__ICE__loop-Cymatics_Dragon_Platinum_E__seed123.wav
423,4.356,2.13,2.22,1.00,0011__A#min_144_ethnic__StarLight__loop-Cymatics_Dragon_Platinum_E__seed123.wav
424,4.328,2.10,2.44,0.81,0571__Gmin_126_ethnic__Halo__loop-Cymatics_Gems_Ethnic_Loop___seed7.wav
425,4.323,2.01,2.31,1.00,0133__Bmin_125_oracle__Glassland__loop-Cymatics_Oracle_Nostalgic___seed7.wav
426,4.320,2.08,2.24,0.98,0345__Emin_160_cobra__Soulful__loop-Cymatics_Cobra_Melody_Loop__seed777.wav
427,4.318,2.58,2.39,0.74,0531__Gmin_136_dark__LowKey__loop-Cymatics_Dragon_Dark_Loop___seed777.wav
428,4.313,2.14,2.17,1.00,0001__A#min_144_ethnic__Ember__loop-Cymatics_Dragon_Platinum_E__seed7.wav
429,4.306,2.30,2.01,1.00,0365__Emin_150_various__Mars__loop-Cymatics_Oracle_Various_Me__seed123.wav
430,4.305,2.33,2.57,0.75,0032__A#min_97_oracle__Soulful__loop-Cymatics_Oracle_West_Coast__seed123.wav
431,4.297,2.38,1.92,0.98,0324__Dmin_120_oracle__Cry__loop-Cymatics_Oracle_Simple_Mel__seed777.wav
432,4.270,2.67,2.30,0.73,0056__Amin_130_ethnic__ICE__loop-Cymatics_Dragon_Platinum_E__seed123.wav
433,4.267,2.13,2.14,0.99,0202__Cmin_102_oracle__Nasty__loop-Cymatics_Oracle_West_Coast__seed7.wav
434,4.263,1.91,2.35,0.99,0527__G#min_115_dark__Echo__loop-Cymatics_Gems_Dark_Loop_At__seed123.wav
435,4.262,2.16,2.10,0.89,0062__Amin_88_oracle__Dusk__loop-Cymatics_Oracle_Classic_Me__seed123.wav
436,4.245,2.02,2.22,0.99,0432__F#min_113_cobra__Mirage__loop-Cymatics_Cobra_Flute_Loop___seed777.wav
437,4.233,1.99,2.24,1.00,0455__Fmin_130_dragon__TrapSoul__loop-Cymatics_Dragon_Nostalgic___seed123.wav
438,4.206,2.01,2.19,0.99,0015__A#min_152_dragon__Crystal__loop-Cymatics_Dragon_Nostalgic___seed777.wav
439,4.204,2.01,2.20,1.00,0012__A#min_144_ethnic__StarLight__loop-Cymatics_Dragon_Platinum_E__seed777.wav
440,4.187,1.96,2.23,0.95,0047__A#min_150_various__Crystal__loop-Cymatics_Dragon_Various_Lo__seed123.wav
441,4.180,2.10,2.08,1.00,0040__A#min_150_various__CoSmoS__loop-Cymatics_Dragon_Various_Lo__seed7.wav
442,4.178,2.19,2.21,0.81,0029__A#min_97_oracle__Halo__loop-Cymatics_Oracle_West_Coast__seed123.wav
443,4.167,2.03,2.13,1.00,0007__A#min_144_ethnic__JuPitER__loop-Cymatics_Dragon_Platinum_E__seed7.wav
444,4.160,2.15,2.01,1.00,0362__Emin_150_various__Coupe__loop-Cymatics_Oracle_Various_Me__seed123.wav
445,4.139,2.14,2.00,1.00,0367__Emin_150_various__LATE__loop-Cymatics_Oracle_Various_Me__seed7.wav
446,4.137,2.06,2.08,0.95,0068__Amin_88_oracle__Emotions__loop-Cymatics_Oracle_Classic_Me__seed123.wav
447,4.109,1.90,2.21,1.00,0046__A#min_150_various__Crystal__loop-Cymatics_Dragon_Various_Lo__seed7.wav
448,4.106,2.10,2.33,0.79,0451__Fmin_130_dragon__Pressure__loop-Cymatics_Dragon_Nostalgic___seed7.wav
449,4.098,1.96,2.14,0.93,0529__Gmin_136_dark__LowKey__loop-Cymatics_Dragon_Dark_Loop___seed7.wav
450,4.096,2.06,2.04,0.90,0346__Emin_160_cobra__Rent_Free__loop-Cymatics_Cobra_Melody_Loop__seed7.wav
451,4.072,1.91,2.16,1.00,0431__F#min_113_cobra__Mirage__loop-Cymatics_Cobra_Flute_Loop___seed123.wav
452,4.071,1.96,2.11,0.96,0438__Fmin_160_various__Depths__loop-Cymatics_Oracle_Various_Me__seed777.wav
453,4.057,1.99,2.06,1.00,0004__A#min_144_ethnic__ICE__loop-Cymatics_Dragon_Platinum_E__seed7.wav
454,4.057,1.91,2.15,0.94,0532__Gmin_136_dark__Coldhearted__loop-Cymatics_Dragon_Dark_Loop___seed7.wav
455,4.036,1.78,2.25,0.91,0161__C#min_135_dragon__CANOPY__loop-Cymatics_Dragon_Nostalgic___seed123.wav
456,4.021,2.26,2.37,0.74,0281__D#min_94_rnb__Glassland__loop-Cymatics_Gems_Vol_6_Glowin__seed123.wav
457,3.953,2.19,2.30,0.75,0035__A#min_97_oracle__AzUL__loop-Cymatics_Oracle_West_Coast__seed123.wav
458,3.941,1.97,1.98,1.00,0010__A#min_144_ethnic__StarLight__loop-Cymatics_Dragon_Platinum_E__seed7.wav
459,3.930,1.88,2.23,0.81,0478__Fmin_137_dark__CoSmoS__loop-Cymatics_Oracle_Dark_Melod__seed7.wav
460,3.907,2.36,2.20,0.73,0444__Fmin_160_various__Coupe__loop-Cymatics_Oracle_Various_Me__seed777.wav
461,3.875,1.66,2.21,0.92,0280__D#min_94_rnb__Glassland__loop-Cymatics_Gems_Vol_6_Glowin__seed7.wav
462,3.873,2.15,2.07,0.78,0028__A#min_97_oracle__Halo__loop-Cymatics_Oracle_West_Coast__seed7.wav
463,3.864,2.29,2.25,0.72,0479__Fmin_137_dark__CoSmoS__loop-Cymatics_Oracle_Dark_Melod__seed123.wav
464,3.861,1.82,2.04,0.90,0254__D#min_90_r&b__Pressure__loop-Cymatics_Oracle_R_B_Melody__seed123.wav
465,3.813,1.71,2.10,0.95,0485__G#min_105_ethnic__TrapSoul__loop-Cymatics_Dragon_Ethnic_Loo__seed123.wav
466,3.794,2.19,2.10,0.75,0557__Gmin_102_rnb__POWER__loop-Cymatics_Gems_Vol_6_Fading__seed123.wav
467,3.743,1.74,2.01,0.85,0288__D#min_94_rnb__Mars__loop-Cymatics_Gems_Vol_6_Glowin__seed777.wav
468,3.664,2.10,2.06,0.75,0574__Gmin_126_ethnic__ACTiVE__loop-Cymatics_Gems_Ethnic_Loop___seed7.wav
469,3.657,1.54,2.12,0.86,0286__D#min_94_rnb__Mars__loop-Cymatics_Gems_Vol_6_Glowin__seed7.wav
470,3.655,1.61,2.31,0.79,0342__Emin_160_cobra__Depths__loop-Cymatics_Cobra_Melody_Loop__seed777.wav
471,3.651,1.48,2.17,0.99,0249__D#min_106_various__Crystal__loop-Cymatics_Dragon_Various_Lo__seed777.wav
472,3.608,1.54,2.07,0.89,0283__D#min_94_rnb__Mirage__loop-Cymatics_Gems_Vol_6_Glowin__seed7.wav
473,3.590,1.90,2.04,0.77,0538__Gmin_136_dark__Coupe__loop-Cymatics_Dragon_Dark_Loop___seed7.wav
474,3.590,1.89,2.44,0.71,0339__Emin_160_cobra__Mirage__loop-Cymatics_Cobra_Melody_Loop__seed777.wav
475,3.567,1.51,2.05,0.96,0246__D#min_106_various__JUNGLE__loop-Cymatics_Dragon_Various_Lo__seed777.wav
476,3.549,1.53,2.06,0.84,0448__Fmin_130_dragon__Rent_Free__loop-Cymatics_Dragon_Nostalgic___seed7.wav
477,3.502,1.70,2.08,0.79,0469__Fmin_137_dark__StarLight__loop-Cymatics_Oracle_Dark_Melod__seed7.wav
478,3.493,1.51,1.99,0.94,0252__D#min_106_various__AzUL__loop-Cymatics_Dragon_Various_Lo__seed777.wav
479,3.475,1.72,1.94,0.81,0445__Fmin_130_dragon__ACTiVE__loop-Cymatics_Dragon_Nostalgic___seed7.wav
480,3.431,2.18,2.08,0.69,0560__Gmin_102_rnb__ICE__loop-Cymatics_Gems_Vol_6_Fading__seed123.wav
481,3.396,1.44,1.96,0.99,0518__G#min_115_dark__Halo__loop-Cymatics_Gems_Dark_Loop_At__seed123.wav
482,3.379,1.76,2.41,0.69,0471__Fmin_137_dark__StarLight__loop-Cymatics_Oracle_Dark_Melod__seed777.wav
483,3.352,2.35,2.55,0.58,0070__Amin_88_oracle__Crystal__loop-Cymatics_Oracle_Classic_Me__seed7.wav
484,3.322,1.88,1.98,0.73,0480__Fmin_137_dark__CoSmoS__loop-Cymatics_Oracle_Dark_Melod__seed777.wav
485,3.234,2.28,2.44,0.58,0064__Amin_88_oracle__BANDS__loop-Cymatics_Oracle_Classic_Me__seed7.wav
486,3.232,1.50,2.08,0.77,0454__Fmin_130_dragon__TrapSoul__loop-Cymatics_Dragon_Nostalgic___seed7.wav
487,3.230,2.14,2.44,0.60,0515__G#min_85_sad__Soulful__loop-Cymatics_Dragon_Sad_Loop_L__seed123.wav
488,3.217,1.82,1.78,0.76,0472__Fmin_137_dark__JUNGLE__loop-Cymatics_Oracle_Dark_Melod__seed7.wav
489,3.167,1.92,1.85,0.71,0264__D#min_90_r&b__Panda__loop-Cymatics_Oracle_R_B_Melody__seed777.wav
490,3.123,1.62,2.39,0.66,0348__Emin_160_cobra__Rent_Free__loop-Cymatics_Cobra_Melody_Loop__seed777.wav
491,3.119,2.26,2.16,0.60,0509__G#min_85_sad__Coupe__loop-Cymatics_Dragon_Sad_Loop_L__seed123.wav
492,3.108,1.94,2.11,0.65,0474__Fmin_137_dark__JUNGLE__loop-Cymatics_Oracle_Dark_Melod__seed777.wav
493,3.084,1.65,2.19,0.68,0279__D#min_94_rnb__LowKey__loop-Cymatics_Gems_Vol_6_Glowin__seed777.wav
494,3.025,2.00,2.06,0.63,0470__Fmin_137_dark__StarLight__loop-Cymatics_Oracle_Dark_Melod__seed123.wav
495,3.019,1.41,2.26,0.70,0287__D#min_94_rnb__Mars__loop-Cymatics_Gems_Vol_6_Glowin__seed123.wav
496,2.939,2.23,2.21,0.56,0506__G#min_85_sad__Mars__loop-Cymatics_Dragon_Sad_Loop_L__seed123.wav
497,2.805,1.48,1.87,0.71,0262__D#min_90_r&b__Panda__loop-Cymatics_Oracle_R_B_Melody__seed7.wav
498,2.803,1.97,2.25,0.56,0277__D#min_94_rnb__LowKey__loop-Cymatics_Gems_Vol_6_Glowin__seed7.wav
499,2.776,1.76,2.31,0.58,0278__D#min_94_rnb__LowKey__loop-Cymatics_Gems_Vol_6_Glowin__seed123.wav
500,2.771,2.13,2.14,0.55,0512__G#min_85_sad__Rent_Free__loop-Cymatics_Dragon_Sad_Loop_L__seed123.wav
501,2.745,1.73,1.65,0.69,0475__Fmin_137_dark__CANOPY__loop-Cymatics_Oracle_Dark_Melod__seed7.wav
502,2.639,1.85,1.66,0.64,0261__D#min_90_r&b__JuPitER__loop-Cymatics_Oracle_R_B_Melody__seed777.wav
503,2.622,1.69,2.17,0.58,0284__D#min_94_rnb__Mirage__loop-Cymatics_Gems_Vol_6_Glowin__seed123.wav
504,2.386,1.92,2.00,0.52,0473__Fmin_137_dark__JUNGLE__loop-Cymatics_Oracle_Dark_Melod__seed123.wav
505,2.334,1.68,1.94,0.55,0477__Fmin_137_dark__CANOPY__loop-Cymatics_Oracle_Dark_Melod__seed777.wav
506,2.330,1.64,1.84,0.57,0257__D#min_90_r&b__LowKey__loop-Cymatics_Oracle_R_B_Melody__seed123.wav
507,2.301,1.74,1.88,0.54,0476__Fmin_137_dark__CANOPY__loop-Cymatics_Oracle_Dark_Melod__seed123.wav
508,2.281,2.02,1.93,0.49,0256__D#min_90_r&b__LowKey__loop-Cymatics_Oracle_R_B_Melody__seed7.wav
509,2.234,1.98,1.49,0.55,0258__D#min_90_r&b__LowKey__loop-Cymatics_Oracle_R_B_Melody__seed777.wav
510,2.221,1.74,1.92,0.52,0259__D#min_90_r&b__JuPitER__loop-Cymatics_Oracle_R_B_Melody__seed7.wav
